time,state_fips,region_code,division_code,state_name,bldgs_1unit,units_1unit,value_1unit,bldgs_2unit,units_2unit,value_2unit,bldgs_34unit,units_34unit,value_34unit,bldgs_5punit,units_5punit,value_5punit,bldgs_1unit_rep,units_1unit_rep,value_1unit_rep,bldgs_2unit_rep,units_2unit_rep,value_2unit_rep,bldgs_34unit_rep,units_34unit_rep,value_34unit_rep,bldgs_5punit_rep,units_5punit_rep,value_5punit_rep,year
201599,01,3,6,Alabama,10257,10257,2094023,80,160,19716,51,190,19789,159,3447,283246,9384,9384,1934936,80,160,19716,49,184,19602,148,3368,281105,2015
201699,01,3,6,Alabama,11692,11692,2341744,53,106,14961,64,232,25627,181,2971,340624,10985,10985,2214543,53,106,14961,62,225,25408,180,2962,340404,2016
201799,01,3,6,Alabama,12233,12233,2511065,83,166,15782,56,182,14819,88,2218,231109,11199,11199,2305461,69,138,9949,45,143,9799,54,1765,186344,2017
201899,01,3,6,Alabama,12978,12978,2753841,44,88,11251,44,160,28799,111,1598,252766,11934,11934,2550001,37,74,8293,31,113,23899,90,1293,223623,2018
201999,01,3,6,Alabama,14705,14705,3103068,75,150,19134,89,330,28860,92,2563,394209,14198,14198,3031718,75,150,19134,88,326,28735,92,2563,394209,2019
202099,01,3,6,Alabama,17551,17551,4024112,57,114,13920,52,192,18764,128,2125,301896,15339,15339,3584223,41,82,8988,12,43,9353,103,1559,207465,2020
202199,01,3,6,Alabama,17879,17879,4323650,49,98,15617,55,199,16749,159,3924,460158,15471,15471,3807168,48,96,15579,54,195,16624,159,3924,460158,2021
202299,01,3,6,Alabama,15961,15961,4154464,114,228,27226,38,139,19461,111,3171,503273,13442,13442,3566341,110,220,25807,38,139,19461,101,2992,478899,2022
202399,01,3,6,Alabama,16298,16298,4460009,134,268,39784,36,129,23406,150,3642,560513,14013,14013,3897032,134,268,39784,31,112,20815,146,3581,551132,2023
201599,02,4,9,Alaska,992,992,279454,35,70,9911,22,75,10273,19,161,24958,336,336,74740,33,66,9425,10,39,4001,2,13,1559,2015
201699,02,4,9,Alaska,1035,1035,301850,38,76,11849,26,88,12004,30,304,43339,303,303,73597,37,74,11617,14,51,5581,12,130,15831,2016
201799,02,4,9,Alaska,1127,1127,331420,48,96,14820,21,74,11374,26,242,38054,295,295,73939,47,94,14710,7,27,3209,7,70,10861,2017
201899,02,4,9,Alaska,1227,1227,356698,55,110,17606,17,61,10096,29,279,44620,330,330,79013,54,108,17304,4,13,1759,10,113,18376,2018
201999,02,4,9,Alaska,1147,1147,336955,27,54,8527,23,85,13497,41,394,53942,309,309,74441,27,54,8527,10,37,5159,21,221,26591,2019
202099,02,4,9,Alaska,1019,1019,310554,30,60,10477,24,86,14641,21,255,45684,286,286,83249,29,58,10171,14,50,8387,9,141,27661,2020
202199,02,4,9,Alaska,1158,1158,353576,17,34,5555,29,103,15405,24,257,38763,284,284,77723,16,32,5249,16,54,6952,2,13,1762,2021
202299,02,4,9,Alaska,471,471,167385,22,44,7702,5,18,2351,5,45,7149,431,431,158560,22,44,7702,5,18,2351,5,45,7149,2022
202399,02,4,9,Alaska,599,599,214342,24,48,10231,4,15,2283,13,275,35027,556,556,204594,24,48,10231,4,15,2283,13,275,35027,2023
201599,04,4,8,Arizona,22311,22311,5952358,111,222,30101,61,225,34564,299,6152,968691,21748,21748,5797570,106,212,28955,59,217,34078,285,6039,958438,2015
201699,04,4,8,Arizona,24853,24853,6645128,233,484,53061,42,168,28932,290,10073,1317403,24288,24288,6462750,227,472,51780,42,168,28932,287,9963,1303783,2016
201799,04,4,8,Arizona,28072,28072,7115946,216,432,47550,73,273,43648,452,10695,1494132,27822,27822,7046357,213,426,47550,73,273,43648,451,10687,1493360,2017
201899,04,4,8,Arizona,32127,32127,8343636,323,646,67685,76,264,45963,305,8627,1270438,31037,31037,8031825,322,644,67444,75,261,45477,278,8286,1221311,2018
201999,04,4,8,Arizona,33981,33981,9040908,438,876,112744,60,202,41261,326,11521,1655643,33683,33683,8966177,432,864,111186,60,202,41261,314,10234,1431676,2019
202099,04,4,8,Arizona,42277,42277,11316498,520,1040,130229,91,311,44797,522,16714,2306834,40937,40937,10974318,492,984,123183,90,307,44547,470,14864,1998513,2020
202199,04,4,8,Arizona,46561,46561,12666074,666,1332,160904,96,336,64318,727,17105,2431395,45197,45197,12327048,630,1260,152106,95,332,64105,652,14583,2013140,2021
202299,04,4,8,Arizona,37288,37288,10532726,937,1874,234113,86,308,103719,701,22061,3651104,36201,36201,10268503,902,1804,225840,86,308,103719,625,19522,3229891,2022
202399,04,4,8,Arizona,34429,34429,9959478,1037,2074,266339,88,334,61286,710,21596,3277076,32272,32272,9401011,997,1994,255453,88,334,61286,640,19380,2909818,2023
201599,05,3,7,Arkansas,5709,5709,1162374,167,334,29420,36,131,7632,136,2326,180680,5223,5223,1095769,162,324,28785,33,122,7295,117,2132,168291,2015
201699,05,3,7,Arkansas,6816,6816,1362332,269,538,53086,61,214,11452,138,1906,136012,5955,5955,1230841,232,464,48431,54,190,10416,110,1651,121678,2016
201799,05,3,7,Arkansas,7376,7376,1500229,231,462,49161,105,386,20947,145,2571,196151,6540,6540,1371527,207,414,45823,89,331,18312,113,2298,181225,2017
201899,05,3,7,Arkansas,7354,7354,1557355,213,426,38870,96,349,28557,109,2050,204659,6088,6088,1331650,179,358,34027,68,251,23803,69,1590,175098,2018
201999,05,3,7,Arkansas,7869,7869,1716632,280,560,71276,112,415,31447,158,3879,352252,6871,6871,1535939,268,536,69550,107,396,30504,115,3381,320399,2019
202099,05,3,7,Arkansas,8802,8802,1967409,366,732,87187,154,528,42061,178,2431,257089,7334,7334,1724841,329,658,82066,112,374,34184,138,2026,229646,2020
202199,05,3,7,Arkansas,10563,10563,2510146,308,616,70596,160,567,65517,126,2452,211357,9028,9028,2245391,266,532,64869,109,391,56269,82,2009,178545,2021
202299,05,3,7,Arkansas,9473,9473,2546336,300,600,80138,163,582,60009,178,3709,324175,8181,8181,2325170,250,500,71295,111,404,50845,123,3161,283803,2022
202399,05,3,7,Arkansas,9360,9360,2383914,515,1030,163451,103,356,29688,145,2096,259538,8117,8117,2165803,458,916,153304,47,167,19954,97,1621,225161,2023
201599,06,4,9,California,45644,45644,14060553,721,1442,272728,401,1366,237005,1601,49736,8066888,43051,43051,13372343,692,1384,257814,375,1281,223949,1459,48208,7898785,2015
201699,06,4,9,California,50311,50311,15201727,799,1598,293218,461,1591,299666,1544,48850,8250579,47610,47610,14484140,775,1550,279836,430,1485,285157,1401,46714,7963542,2016
201799,06,4,9,California,57132,57132,17227303,1084,2168,415680,628,2138,385404,1874,53342,9753820,53138,53138,16039078,1001,2002,386020,577,1968,363948,1714,51441,9475674,2017
201899,06,4,9,California,58831,58831,17843585,1295,2590,480909,588,2050,389207,1763,50031,9130926,54713,54713,16563958,1185,2370,436007,534,1875,367343,1569,47938,8795219,2018
201999,06,4,9,California,58575,58575,17376935,1238,2476,498041,492,1694,305526,1600,47452,8402846,56085,56085,16660377,1210,2420,480472,470,1623,291986,1512,46005,8150225,2019
202099,06,4,9,California,59043,59043,16507110,1070,2140,403077,482,1677,327938,1384,43215,8184995,51537,51537,14252828,993,1986,359230,430,1506,295715,1207,39928,7675593,2020
202199,06,4,9,California,65890,65890,18779857,1204,2408,531442,469,1631,353962,1763,49507,9059617,62562,62562,17747883,1147,2294,486570,452,1578,342837,1638,47264,8714424,2021
202299,06,4,9,California,63628,63628,18519075,1301,2602,524570,509,1778,371251,1879,52772,9606382,61268,61268,17775739,1254,2508,497562,489,1718,356652,1713,50915,9298197,2022
202399,06,4,9,California,58534,58534,17917089,1229,2458,513578,423,1444,396185,2029,49324,9036498,53862,53862,16559060,1168,2336,481169,402,1379,378208,1853,47606,8742211,2023
201599,08,4,8,Colorado,20025,20025,5993814,167,334,61689,81,287,57871,267,11225,1419245,19415,19415,5748476,137,274,51839,69,249,52624,253,11102,1397773,2015
201699,08,4,8,Colorado,21577,21577,6675789,278,556,112393,68,242,39617,543,16599,2101098,20465,20465,6310714,254,508,101546,56,203,31554,523,16445,2076197,2016
201799,08,4,8,Colorado,24338,24338,7439961,172,344,68895,116,415,62792,399,15576,1953459,23532,23532,7129788,160,320,61447,107,387,56796,379,15415,1932537,2017
201899,08,4,8,Colorado,26134,26134,7879399,187,374,77608,120,414,71288,520,15705,2202245,25050,25050,7559942,176,352,68054,101,357,54408,492,15392,2130584,2018
201999,08,4,8,Colorado,24756,24756,7652182,176,352,58415,105,370,61816,379,13155,1865632,24412,24412,7518615,174,348,57866,99,350,58765,373,13046,1836818,2019
202099,08,4,8,Colorado,26636,26636,8289036,364,728,112583,114,397,80111,334,12708,1784811,25467,25467,7837578,357,714,110126,101,354,72444,307,12298,1676082,2020
202199,08,4,8,Colorado,30246,30246,9850482,630,1260,228796,207,736,145019,664,24282,3519593,28732,28732,9408478,629,1258,228381,192,688,134773,637,23686,3383461,2021
202299,08,4,8,Colorado,23691,23691,8442065,498,996,192297,151,536,130548,678,23118,3957209,22985,22985,8179910,492,984,189178,144,515,122200,622,22385,3810476,2022
202399,08,4,8,Colorado,19641,19641,7459002,298,596,129043,113,410,86460,613,18757,3369491,18663,18663,7022599,288,576,125118,104,383,81182,580,18332,3274819,2023
201599,09,1,1,Connecticut,2436,2436,851485,39,78,10535,19,70,11232,135,3493,409056,2221,2221,809349,37,74,10111,19,70,11232,84,2890,366984,2015
201699,09,1,1,Connecticut,2461,2461,796928,64,128,17698,21,73,8308,122,2842,374002,2205,2205,705670,62,124,17274,21,73,8308,85,2564,354307,2016
201799,09,1,1,Connecticut,2480,2480,888019,51,102,15295,16,53,9340,108,1912,272873,2210,2210,823118,43,86,13119,16,53,9340,63,1504,242686,2017
201899,09,1,1,Connecticut,2553,2553,854759,54,108,15692,19,59,7497,105,2095,234264,2160,2160,695273,44,88,13170,19,59,7497,54,1707,193902,2018
201999,09,1,1,Connecticut,2364,2364,764976,93,186,22462,43,151,20652,121,3153,546301,2153,2153,711804,87,174,21363,43,151,20652,78,2818,520958,2019
202099,09,1,1,Connecticut,2512,2512,769006,86,172,24067,32,114,20538,120,2673,248145,2055,2055,638981,69,138,20887,31,110,20052,64,2207,190418,2020
202199,09,1,1,Connecticut,2941,2941,1042836,74,148,19342,21,79,9901,116,1483,152787,2524,2524,954218,62,124,16924,19,72,9413,49,963,116800,2021
202299,09,1,1,Connecticut,2468,2468,1014258,118,236,22336,11,40,4039,113,3182,561607,2124,2124,933973,115,230,21728,11,40,4039,80,2899,543601,2022
202399,09,1,1,Connecticut,2050,2050,911392,62,124,22664,44,161,26524,145,3937,506374,1778,1778,833414,62,124,22664,44,161,26524,128,3826,497969,2023
201599,10,3,5,Delaware,4239,4239,552884,70,140,16346,19,67,8992,68,775,63454,4213,4213,551245,70,140,16346,19,67,8992,52,677,61886,2015
201699,10,3,5,Delaware,4687,4687,618631,94,188,19886,23,83,11115,56,846,71914,4647,4647,614921,94,188,19886,23,83,11115,41,750,70378,2016
201799,10,3,5,Delaware,5218,5218,692137,111,222,26626,27,98,11945,91,1063,75761,5005,5005,674466,111,222,26626,27,98,11945,75,961,73218,2017
201899,10,3,5,Delaware,5472,5472,735935,64,128,16052,25,95,9362,36,308,27253,5271,5271,713127,64,128,16052,25,95,9362,29,235,22100,2018
201999,10,3,5,Delaware,5573,5573,751985,81,162,18432,24,89,9322,73,715,69363,5553,5553,747681,81,162,18432,24,89,9322,73,715,69363,2019
202099,10,3,5,Delaware,7101,7101,944269,155,310,33390,19,71,9294,77,973,112424,5963,5963,830741,155,310,33390,19,71,9294,68,927,108582,2020
202199,10,3,5,Delaware,7261,7261,1047784,152,304,33291,1,3,72,25,932,94535,7235,7235,1042192,152,304,33291,1,3,72,25,932,94535,2021
202299,10,3,5,Delaware,5855,5855,857464,88,176,25491,0,0,0,23,386,29916,5855,5855,857464,88,176,25491,0,0,0,23,386,29916,2022
202399,10,3,5,Delaware,4684,4684,705623,54,108,17916,0,0,0,32,973,104192,4679,4679,704473,54,108,17916,0,0,0,32,973,104192,2023
201599,12,3,5,Florida,67670,67670,18053910,258,516,73442,341,1283,210019,1347,40455,5101758,66038,66038,17600744,257,514,73425,341,1283,210019,1268,39206,4912404,2015
201699,12,3,5,Florida,75148,75148,20334523,503,1006,140001,345,1309,220473,1236,38777,5168505,72571,72571,19584100,498,996,138220,335,1276,214814,1175,37931,5114359,2016
201799,12,3,5,Florida,85267,85267,22944982,628,1256,181115,260,942,188501,992,35254,4780691,81076,81076,21780026,612,1224,178350,251,911,182911,908,34187,4590571,2017
201899,12,3,5,Florida,97055,97055,25453557,861,1722,240605,372,1342,207325,1354,44308,5642227,90494,90494,24097983,821,1642,229160,342,1232,190177,1208,41199,5243369,2018
201999,12,3,5,Florida,99831,99831,25773822,1007,2014,306236,294,1118,210772,1407,51339,6919641,95516,95516,24461394,986,1972,301789,294,1118,210772,1313,48579,6670972,2019
202099,12,3,5,Florida,115250,115250,30182836,1088,2176,314155,323,1231,199870,1354,45417,6187315,106891,106891,27975142,1063,2126,309005,319,1219,195283,1215,42377,5905788,2020
202199,12,3,5,Florida,148735,148735,39939407,1669,3338,458269,338,1272,221190,1646,60149,8707069,143075,143075,38590699,1652,3304,454053,338,1272,221190,1501,56708,8389525,2021
202299,12,3,5,Florida,132959,132959,40267682,1318,2636,431255,514,1846,267038,2496,72520,10284431,127462,127462,38858703,1303,2606,427345,512,1840,264744,2332,69620,9934457,2022
202399,12,3,5,Florida,125773,125773,38625809,1349,2698,452724,331,1274,188938,2102,64043,11468973,112491,112491,34990127,1319,2638,442175,322,1247,184785,1943,61338,11142671,2023
201599,13,3,5,Georgia,32621,32621,6514461,50,100,11065,81,304,41284,366,12524,1388291,29152,29152,5854553,28,56,7996,79,298,40979,325,11774,1334913,2015
201699,13,3,5,Georgia,36481,36481,7684460,61,122,11874,65,241,30106,309,14831,1654237,34195,34195,7240889,53,106,10654,57,214,26771,294,14521,1623127,2016
201799,13,3,5,Georgia,40311,40311,8631824,53,106,11785,67,249,37093,320,10574,1239035,36821,36821,7953950,45,90,10805,54,206,33674,282,9972,1176194,2017
201899,13,3,5,Georgia,42287,42287,9080368,112,224,26289,89,314,39135,491,16490,2000407,36996,36996,8075769,100,200,24813,66,237,34040,435,15853,1933775,2018
201999,13,3,5,Georgia,42939,42939,9343379,138,276,34056,108,392,46223,400,10216,1257920,39732,39732,8784425,128,256,32789,102,368,45299,395,9904,1230731,2019
202099,13,3,5,Georgia,47982,47982,10620135,241,482,66467,149,542,62424,342,6821,843545,42449,42449,9590359,234,468,65446,147,534,62069,329,6508,801841,2020
202199,13,3,5,Georgia,53419,53419,12603896,182,364,47654,170,624,86479,559,12816,1699204,46408,46408,11266426,171,342,45962,164,604,84880,529,12099,1619851,2021
202299,13,3,5,Georgia,47026,47026,12139618,357,714,105851,253,930,124439,921,28872,3665730,42347,42347,11209754,335,670,102859,247,912,123042,873,28405,3622364,2022
202399,13,3,5,Georgia,44405,44405,11954728,236,472,83672,205,739,108383,713,18005,2528155,37850,37850,10520669,191,382,75343,188,686,100283,664,17534,2480155,2023
201599,15,4,9,Hawaii,2356,2356,971166,21,42,26602,8,31,14621,111,2993,570006,2356,2356,971166,21,42,26602,8,31,14621,111,2993,570006,2015
201699,15,4,9,Hawaii,2044,2044,820110,52,104,40257,11,43,22845,50,1178,382921,2044,2044,820110,52,104,40257,11,43,22845,50,1178,382921,2016
201799,15,4,9,Hawaii,2534,2534,865046,39,78,21480,5,19,4090,69,1404,241748,2534,2534,865046,39,78,21480,5,19,4090,69,1404,241748,2017
201899,15,4,9,Hawaii,2592,2592,935240,29,58,20348,10,40,10263,87,1969,394030,2592,2592,935240,29,58,20348,10,40,10263,87,1969,394030,2018
201999,15,4,9,Hawaii,2547,2547,964399,9,18,4434,25,92,43816,49,1436,271173,2547,2547,964399,9,18,4434,25,92,43816,49,1436,271173,2019
202099,15,4,9,Hawaii,2171,2171,955776,15,30,7077,10,38,11898,24,925,195019,1882,1882,840389,15,30,7077,8,32,8000,13,528,119648,2020
202199,15,4,9,Hawaii,2445,2445,1071187,51,102,21211,4,13,39457,75,899,264185,2445,2445,1071187,51,102,21211,4,13,39457,75,899,264185,2021
202299,15,4,9,Hawaii,2033,2033,1027636,109,218,38048,0,0,0,55,2052,722244,2033,2033,1027636,109,218,38048,0,0,0,55,2052,722244,2022
202399,15,4,9,Hawaii,2360,2360,1151618,98,196,38935,2,7,459,39,1228,414890,2052,2052,1038279,67,134,29056,2,7,459,20,493,154049,2023
201599,16,4,8,Idaho,7784,7784,1754497,49,98,11530,129,510,35053,100,1562,132986,7575,7575,1697653,49,98,11530,126,500,34240,100,1562,132986,2015
201699,16,4,8,Idaho,9739,9739,2140004,69,138,16630,95,379,30956,114,1909,179964,9484,9484,2064184,69,138,16630,94,375,30654,113,1898,178548,2016
201799,16,4,8,Idaho,11019,11019,2466909,51,102,15481,147,577,44905,178,2485,264194,10329,10329,2326071,38,76,11864,130,517,39755,163,2338,250450,2017
201899,16,4,8,Idaho,12176,12176,2718111,71,142,18493,143,560,55204,183,2946,307287,11046,11046,2418551,62,124,15818,125,493,50455,168,2671,275879,2018
201999,16,4,8,Idaho,12978,12978,2893095,114,228,31557,172,672,63520,226,3838,413316,12758,12758,2841487,113,226,31439,171,668,63520,226,3838,413316,2019
202099,16,4,8,Idaho,14969,14969,3471574,153,306,44097,174,674,85032,179,3181,347887,13992,13992,3264868,149,298,42542,171,664,84649,172,3039,331975,2020
202199,16,4,8,Idaho,16154,16154,4213834,111,222,44105,267,1051,132577,255,4305,558803,15182,15182,3959171,110,220,43595,265,1043,132148,254,4289,556631,2021
202299,16,4,8,Idaho,11912,11912,3628011,143,286,52833,218,851,111294,290,5657,906476,11174,11174,3448171,132,264,48755,204,808,101161,274,5406,878659,2022
202399,16,4,8,Idaho,12081,12081,3497517,138,276,50690,142,545,70501,187,5017,805716,11307,11307,3267747,123,246,46966,129,506,61728,162,4807,782698,2023
201599,17,2,3,Illinois,10076,10076,2648347,161,322,44769,168,577,84068,276,8596,1359412,9145,9145,2463510,147,294,41324,168,577,84068,237,8251,1328034,2015
201699,17,2,3,Illinois,10187,10187,2719891,175,350,55844,208,712,126962,347,11354,1485781,9341,9341,2515905,167,334,53110,204,698,125850,315,11045,1460170,2016
201799,17,2,3,Illinois,10181,10181,2695587,159,318,58170,260,875,162378,400,13618,1688552,9347,9347,2484374,149,298,56920,255,858,161191,351,13115,1653619,2017
201899,17,2,3,Illinois,10041,10041,2618789,219,438,78065,240,809,149620,383,10222,1189807,9113,9113,2413313,203,406,75719,234,788,147665,340,9907,1158630,2018
201999,17,2,3,Illinois,8745,8745,2349803,235,470,78312,253,855,157620,315,10454,1140722,8125,8125,2234589,234,468,78112,251,847,157007,296,10295,1131909,2019
202099,17,2,3,Illinois,9237,9237,2502874,235,470,73711,162,555,97068,281,7796,972645,8025,8025,2215854,230,460,72390,158,542,94786,267,7673,957233,2020
202199,17,2,3,Illinois,10937,10937,3208508,245,490,83237,222,736,132574,287,7495,848306,9966,9966,2978576,238,476,81549,219,726,131342,267,7374,829631,2021
202299,17,2,3,Illinois,9765,9765,3082322,198,396,76128,258,864,164977,326,9524,1426685,9153,9153,2940070,191,382,74036,258,864,164977,287,9289,1382866,2022
202399,17,2,3,Illinois,9554,9554,3238697,270,540,104633,225,770,137577,324,5999,1040030,8832,8832,3074527,259,518,101551,208,713,132296,263,5662,990827,2023
201599,18,2,3,Indiana,12646,12646,2929210,263,526,54124,79,289,31656,316,5022,722054,11964,11964,2818472,255,510,52140,76,280,30757,278,4656,694241,2015
201699,18,2,3,Indiana,14068,14068,3417822,286,572,64063,46,163,21320,219,3910,372642,13217,13217,3257575,265,530,57788,46,163,21320,166,3373,300385,2016
201799,18,2,3,Indiana,16075,16075,4038599,222,444,62844,22,78,13000,272,5067,469056,15296,15296,3907990,198,396,56890,22,78,13000,224,4622,435372,2017
201899,18,2,3,Indiana,16416,16416,4269197,210,420,49353,12,41,6163,193,4603,555144,15504,15504,4103860,198,396,47838,11,38,5863,138,4083,514858,2018
201999,18,2,3,Indiana,16308,16308,4298385,179,358,48202,46,163,26551,226,5480,615228,15702,15702,4197275,176,352,47792,45,159,26151,194,5156,591785,2019
202099,18,2,3,Indiana,18979,18979,5209930,310,620,83895,51,191,25965,232,5129,552508,17520,17520,4900217,290,580,79128,50,187,25565,198,4489,494791,2020
202199,18,2,3,Indiana,22225,22225,6692956,359,718,117031,35,134,30324,223,6783,742937,21083,21083,6477317,358,716,116872,35,134,30324,203,6416,722607,2021
202299,18,2,3,Indiana,18728,18728,6059998,251,502,77003,38,137,14952,303,8878,1044087,17663,17663,5832725,248,496,76266,38,137,14952,279,8634,1028384,2022
202399,18,2,3,Indiana,17046,17046,5961199,266,532,99053,68,237,40460,327,9240,1594777,16049,16049,5746674,259,518,97270,68,237,40460,291,8703,1532188,2023
201599,19,2,4,Iowa,7424,7424,1717172,293,586,61757,53,200,20785,154,3887,443538,7062,7062,1655993,289,578,60905,53,200,20785,151,3868,441474,2015
201699,19,2,4,Iowa,8203,8203,1933857,192,384,45100,45,158,18936,178,5572,662860,7883,7883,1875533,160,320,35681,35,121,14196,167,5482,652450,2016
201799,19,2,4,Iowa,8067,8067,1883411,160,320,38664,43,154,20387,174,5407,575272,7655,7655,1805251,157,314,38069,41,146,19357,171,5384,573474,2017
201899,19,2,4,Iowa,7318,7318,1801337,246,492,62802,35,117,16810,120,3591,368151,6823,6823,1711776,246,492,62802,35,117,16810,113,3548,364759,2018
201999,19,2,4,Iowa,7877,7877,1980909,173,346,51205,80,274,35804,122,3373,432577,7321,7321,1882596,170,340,50410,79,271,35564,110,3250,423999,2019
202099,19,2,4,Iowa,8633,8633,2228464,256,512,76562,47,175,23862,114,3303,372794,7916,7916,2072710,250,500,74754,45,167,22868,95,3096,354777,2020
202199,19,2,4,Iowa,9158,9158,2552542,223,446,69429,87,298,56906,120,3784,503500,8473,8473,2399809,221,442,68634,86,294,56423,114,3542,473201,2021
202299,19,2,4,Iowa,7624,7624,2341202,255,510,106884,101,354,70584,133,4216,645514,6976,6976,2183814,247,494,104025,92,326,64708,120,4136,635987,2022
202399,19,2,4,Iowa,7421,7421,2480106,179,358,73515,110,399,78300,123,3052,479548,6822,6822,2336196,171,342,70629,108,393,77920,112,2997,472044,2023
201599,20,2,4,Kansas,5064,5064,1270090,291,582,50480,44,158,19807,129,2840,306000,4781,4781,1215731,275,550,47549,37,136,17484,119,2717,294599,2015
201699,20,2,4,Kansas,5230,5230,1336026,215,430,38557,32,109,11065,190,4038,384304,4316,4316,1127542,100,200,19503,27,93,9471,151,3514,347336,2016
201799,20,2,4,Kansas,6046,6046,1479617,229,458,46466,71,257,33287,138,2223,222346,5440,5440,1346303,159,318,34834,71,257,33287,116,1970,204213,2017
201899,20,2,4,Kansas,5376,5376,1382591,311,622,66046,75,267,44929,110,3213,395004,4505,4505,1224919,224,448,51513,67,241,43134,96,3042,382558,2018
201999,20,2,4,Kansas,5089,5089,1319253,350,700,76774,60,214,34183,69,1958,252711,4136,4136,1141536,205,410,54201,56,201,33116,55,1777,239683,2019
202099,20,2,4,Kansas,5975,5975,1709731,300,600,74147,49,181,30625,59,1455,176530,5519,5519,1621111,287,574,71653,47,173,30050,59,1455,176530,2020
202199,20,2,4,Kansas,6569,6569,2208827,501,1002,136185,40,135,16697,52,1832,231197,6357,6357,2161072,498,996,135256,37,123,15789,52,1832,231197,2021
202299,20,2,4,Kansas,5567,5567,1900614,475,950,126272,69,260,47342,89,2783,419302,5160,5160,1743560,445,890,120919,67,253,46758,89,2783,419302,2022
202399,20,2,4,Kansas,4927,4927,1720550,796,1592,228261,39,148,25182,93,2837,482835,4728,4728,1667083,791,1582,227223,39,148,25182,88,2811,480188,2023
201599,21,3,6,Kentucky,6606,6606,1213462,154,308,22817,106,395,24091,232,3257,207432,5569,5569,1066433,110,220,15457,91,342,20248,165,2622,167199,2015
201699,21,3,6,Kentucky,7264,7264,1368419,146,292,20137,81,295,20040,299,4863,318417,6563,6563,1266416,114,228,15178,76,275,19540,260,4433,291375,2016
201799,21,3,6,Kentucky,7967,7967,1613167,180,360,32634,90,335,29988,237,3968,298371,6837,6837,1444859,161,322,29953,83,309,28648,188,3222,243474,2017
201899,21,3,6,Kentucky,7776,7776,1692350,125,250,25453,59,212,15099,321,5588,534863,6696,6696,1542232,95,190,20972,41,154,11534,277,5058,495380,2018
201999,21,3,6,Kentucky,7467,7467,1712857,156,312,30280,57,215,19305,189,3817,373395,6903,6903,1631142,137,274,27925,46,176,16022,175,3737,369784,2019
202099,21,3,6,Kentucky,8876,8876,1930009,160,320,33610,100,371,37514,92,1714,141439,7408,7408,1643786,143,286,30221,86,320,32234,63,916,64476,2020
202199,21,3,6,Kentucky,10087,10087,2429560,135,270,36327,52,189,20069,281,4295,426515,8678,8678,2135989,114,228,32297,40,147,14874,243,3331,331806,2021
202299,21,3,6,Kentucky,8783,8783,2246466,246,492,60664,78,282,29309,325,5521,987200,7702,7702,2015177,224,448,56742,72,264,28034,289,4420,877678,2022
202399,21,3,6,Kentucky,7826,7826,2099641,300,600,78511,143,534,63093,334,6455,772243,6587,6587,1829636,270,540,72503,125,478,56360,293,5444,641829,2023
201599,22,3,7,Louisiana,12322,12322,2636748,168,336,29593,30,103,6928,43,1069,103745,10693,10693,2315642,165,330,28541,21,72,3627,36,1020,94880,2015
201699,22,3,7,Louisiana,12518,12518,2561013,177,354,30679,46,164,16939,84,1467,158019,11182,11182,2297860,168,336,28435,34,123,12223,72,1330,141338,2016
201799,22,3,7,Louisiana,13557,13557,2800089,175,350,32285,31,107,10319,59,1210,143586,11386,11386,2356276,154,308,27650,11,38,2298,44,1067,114255,2017
201899,22,3,7,Louisiana,13733,13733,2837044,154,308,27132,25,97,11059,56,1697,233173,10964,10964,2272283,125,250,21208,15,58,7443,44,1609,215684,2018
201999,22,3,7,Louisiana,14013,14013,2903602,248,496,45984,39,137,13365,52,1147,173135,12888,12888,2703832,248,496,45984,38,133,13365,52,1147,173135,2019
202099,22,3,7,Louisiana,15457,15457,3192636,251,502,64992,22,75,9886,53,1249,160260,12919,12919,2682281,172,344,50192,5,18,1364,37,965,108276,2020
202199,22,3,7,Louisiana,16937,16937,3783984,240,480,43788,24,78,12335,50,1652,213954,14500,14500,3260034,80,160,9999,1,4,800,24,468,49772,2021
202299,22,3,7,Louisiana,13557,13557,3383744,320,640,81141,15,54,8318,64,1293,157329,11260,11260,2858532,319,638,72220,15,54,8318,64,1293,157329,2022
202399,22,3,7,Louisiana,11243,11243,2789851,310,620,78456,6,18,2062,94,2366,367897,8579,8579,2167556,289,578,73982,5,15,1663,78,1868,319870,2023
201599,23,1,1,Maine,2853,2853,588506,46,92,11271,15,58,6987,57,696,76250,2212,2212,457552,40,80,9750,15,58,6987,45,554,60524,2015
201699,23,1,1,Maine,3265,3265,698508,63,126,15444,27,105,14605,42,514,48387,2607,2607,567200,57,114,13717,27,105,14605,42,514,48387,2016
201799,23,1,1,Maine,3583,3583,755783,56,112,14440,10,36,3272,46,627,54254,2801,2801,628516,51,102,13006,10,36,3272,45,590,50424,2017
201899,23,1,1,Maine,3660,3660,844208,66,132,20547,12,42,4320,58,863,90224,2850,2850,698695,57,114,18277,12,42,4320,57,814,85153,2018
201999,23,1,1,Maine,3474,3474,833466,98,196,33260,8,29,3862,50,1061,134152,2647,2647,676494,95,190,32291,8,29,3862,48,983,125632,2019
202099,23,1,1,Maine,4180,4180,1042442,99,198,30294,20,73,7058,47,853,114344,2564,2564,664288,81,162,24719,16,61,6058,33,735,103663,2020
202199,23,1,1,Maine,5238,5238,1405235,120,240,44075,21,72,11699,54,980,132790,3747,3747,1070661,98,196,36855,13,48,9699,42,825,118050,2021
202299,23,1,1,Maine,4907,4907,1362318,113,226,39521,27,95,13555,72,1866,252318,3396,3396,1036666,100,200,36330,22,80,12358,53,1767,242573,2022
202399,23,1,1,Maine,4540,4540,1381322,123,246,44792,27,90,15014,93,1307,168992,2741,2741,956400,113,226,42098,18,63,11730,54,1018,148019,2023
201599,24,3,5,Maryland,11108,11108,2311331,57,114,13628,12,46,5435,152,5789,750226,11067,11067,2303197,57,114,13628,12,46,5435,152,5789,750226,2015
201699,24,3,5,Maryland,11059,11059,2353850,85,170,18108,10,36,5398,177,5779,789489,10962,10962,2332180,85,170,18108,10,36,5398,177,5779,789489,2016
201799,24,3,5,Maryland,12384,12384,2698698,45,90,9075,3,10,1113,84,3740,548448,12142,12142,2638111,45,90,9075,3,10,1113,82,3696,543644,2017
201899,24,3,5,Maryland,12975,12975,2872292,32,64,10406,10,35,23933,103,5573,795218,12919,12919,2859247,32,64,10406,10,35,23933,103,5573,795218,2018
201999,24,3,5,Maryland,12053,12053,2733697,76,152,20783,25,95,15116,119,6191,984427,11918,11918,2707205,76,152,20783,25,95,15116,119,6191,984427,2019
202099,24,3,5,Maryland,12993,12993,2992616,89,178,24504,7,23,3475,96,4788,832946,12739,12739,2938230,88,176,24260,6,20,2616,88,4674,817408,2020
202199,24,3,5,Maryland,12520,12520,3201070,25,50,7295,19,70,12150,185,5856,791012,12314,12314,3170573,19,38,6275,19,70,12150,173,5794,783069,2021
202299,24,3,5,Maryland,10117,10117,2852446,45,90,14772,11,40,6101,614,12613,1739129,10084,10084,2846457,45,90,14772,11,40,6101,614,12613,1739129,2022
202399,24,3,5,Maryland,10490,10490,2932201,9,18,3854,14,56,9083,152,7889,1339136,10392,10392,2909678,9,18,3854,14,56,9083,152,7889,1339136,2023
201599,25,1,1,Massachusetts,6922,6922,2032508,230,460,70513,99,318,50982,270,9724,1826518,5744,5744,1755716,206,412,63872,85,273,46236,160,8479,1682273,2015
201699,25,1,1,Massachusetts,7641,7641,2376986,270,540,88942,88,301,62612,261,7806,1417907,6183,6183,1985322,227,454,74898,85,291,60400,161,6957,1293606,2016
201799,25,1,1,Massachusetts,7278,7278,2292649,266,532,86988,87,288,56650,303,9630,1656129,6102,6102,1968574,213,426,70064,82,273,54348,207,8640,1521191,2017
201899,25,1,1,Massachusetts,7169,7169,2350756,327,654,108422,112,380,78289,289,8841,1620497,5846,5846,1989323,254,508,85539,109,370,77452,185,7311,1415063,2018
201999,25,1,1,Massachusetts,6292,6292,2094983,284,568,114782,126,419,80811,665,10086,1388625,5124,5124,1678700,259,518,107321,121,404,79619,575,8174,1096969,2019
202099,25,1,1,Massachusetts,6754,6754,2209662,314,628,119617,91,304,60015,482,9339,2372192,4453,4453,1587219,265,530,97979,79,267,53919,154,6100,2014085,2020
202199,25,1,1,Massachusetts,7231,7231,2839909,351,702,151654,100,330,64855,594,11590,1885376,5672,5672,2398092,329,658,142694,89,297,58633,201,7931,1516613,2021
202299,25,1,1,Massachusetts,6232,6232,2712193,317,634,140496,115,379,86510,329,9585,2289237,4931,4931,2366824,293,586,132180,109,361,82861,198,8094,2054834,2022
202399,25,1,1,Massachusetts,5075,5075,2379576,241,482,105670,107,358,105787,273,7299,1826146,4062,4062,1954055,213,426,95359,106,355,105187,192,6713,1733452,2023
201599,26,2,3,Michigan,13398,13398,3268392,177,354,49617,68,252,32287,243,4222,500174,11977,11977,2978216,142,284,41601,58,218,30539,224,3895,475976,2015
201699,26,2,3,Michigan,14534,14534,3574943,266,532,58127,67,240,29388,263,5102,609349,13006,13006,3270928,232,464,50287,57,207,26388,243,4340,493944,2016
201799,26,2,3,Michigan,16652,16652,4122115,129,258,34923,119,438,54906,325,6275,676070,14707,14707,3726888,102,204,28197,111,408,52522,299,5865,629450,2017
201899,26,2,3,Michigan,15633,15633,4067564,162,324,50146,106,394,53416,199,3229,398242,14229,14229,3766144,133,266,43332,93,349,49090,186,3069,380741,2018
201999,26,2,3,Michigan,14623,14623,3823113,122,244,41823,152,567,86054,293,5166,629496,12933,12933,3439971,117,234,40431,137,517,81048,277,4677,571392,2019
202099,26,2,3,Michigan,15154,15154,3930533,234,468,69883,110,391,67129,175,3722,512113,12903,12903,3428722,227,454,67365,67,239,41496,122,2928,414184,2020
202199,26,2,3,Michigan,16760,16760,4766835,212,424,81488,117,421,67505,207,4127,768513,14206,14206,4191455,201,402,79145,95,345,58250,187,3580,703279,2021
202299,26,2,3,Michigan,14809,14809,4676727,203,406,71647,164,599,90840,300,5966,1033491,12768,12768,4231293,190,380,69113,144,531,84028,272,5723,998969,2022
202399,26,2,3,Michigan,14413,14413,4483976,267,534,71303,129,482,93840,314,5163,1001414,12307,12307,3997979,252,504,65305,119,452,88584,263,4634,928167,2023
201599,27,2,4,Minnesota,10900,10900,2930164,49,98,13825,86,332,36613,191,8215,1154487,10309,10309,2813158,46,92,13285,81,316,35043,164,7937,1133268,2015
201699,27,2,4,Minnesota,12071,12071,3328331,62,124,18288,58,215,32332,184,9039,1214090,11347,11347,3180027,58,116,17128,46,174,27733,145,8627,1177328,2016
201799,27,2,4,Minnesota,13508,13508,3604299,71,142,25768,45,174,27470,140,8129,1160880,12656,12656,3409088,70,140,25418,43,166,26818,124,7917,1144770,2017
201899,27,2,4,Minnesota,13574,13574,3755437,98,196,30882,52,197,35093,206,11706,1899401,12669,12669,3544814,96,192,30182,52,197,35093,194,11579,1891181,2018
201999,27,2,4,Minnesota,13709,13709,3882049,93,186,35787,51,190,33807,199,14501,2196264,13206,13206,3775455,93,186,35787,50,186,33432,186,14339,2185461,2019
202099,27,2,4,Minnesota,14707,14707,4213115,158,316,52111,71,272,46041,216,12853,1868044,13862,13862,4030848,155,310,50711,70,268,45317,193,12609,1846609,2020
202199,27,2,4,Minnesota,16704,16704,5145714,177,354,72540,75,283,59111,299,16311,2448768,15414,15414,4835294,176,352,72282,71,271,56542,270,16002,2422703,2021
202299,27,2,4,Minnesota,13483,13483,4446521,127,254,51119,80,298,68976,318,17091,2983727,12706,12706,4255005,119,238,49338,79,294,68226,286,16777,2963224,2022
202399,27,2,4,Minnesota,12770,12770,4321115,127,254,51022,63,233,54903,276,12410,2267171,12090,12090,4138775,117,234,48683,61,227,54453,228,12034,2228556,2023
201599,28,3,6,Mississippi,5608,5608,988006,121,242,13866,19,65,5042,68,930,71224,4150,4150,770951,110,220,11740,2,8,60,38,696,57475,2015
201699,28,3,6,Mississippi,6142,6142,1063943,37,74,7448,32,115,8090,53,555,46431,4619,4619,830142,29,58,5874,12,46,4080,15,148,18873,2016
201799,28,3,6,Mississippi,6531,6531,1160107,54,108,13667,29,102,10385,53,740,71105,5154,5154,964595,47,94,12339,17,61,7192,18,338,42281,2017
201899,28,3,6,Mississippi,6136,6136,1135177,26,52,6228,29,110,10313,58,585,41787,4811,4811,952971,19,38,4780,18,72,6958,20,191,13866,2018
201999,28,3,6,Mississippi,6164,6164,1161662,36,72,9781,29,103,11423,52,613,58020,5096,5096,1002140,27,54,7499,13,51,7641,17,368,43731,2019
202099,28,3,6,Mississippi,7190,7190,1383396,31,62,6349,26,86,6057,42,472,32729,5308,5308,1084303,28,56,5793,4,15,1245,13,275,22951,2020
202199,28,3,6,Mississippi,7384,7384,1501706,22,44,5384,28,100,9377,56,460,25056,5787,5787,1242814,16,32,4091,15,55,4861,23,212,12777,2021
202299,28,3,6,Mississippi,7001,7001,1382349,24,48,4399,15,54,5684,60,465,26163,5858,5858,1193037,22,44,3909,14,51,5553,39,337,22963,2022
202399,28,3,6,Mississippi,7145,7145,1421445,50,100,14464,5,18,3311,53,437,40215,6030,6030,1259473,46,92,13594,4,15,3180,24,256,34896,2023
201599,29,2,4,Missouri,10339,10339,2340209,255,510,47231,137,507,46220,275,6988,712750,9657,9657,2232954,199,398,37673,122,461,42398,232,5999,669879,2015
201699,29,2,4,Missouri,11292,11292,2510008,247,494,44101,173,662,62893,209,6549,665701,10493,10493,2367264,211,422,38539,161,621,59519,186,6341,651426,2016
201799,29,2,4,Missouri,12109,12109,2777580,244,488,49148,154,594,61276,247,5620,564031,11002,11002,2464501,227,454,46879,150,581,60188,225,5334,531289,2017
201899,29,2,4,Missouri,11376,11376,2663420,270,540,60142,108,388,41715,151,4571,401790,10361,10361,2457433,249,498,56214,99,360,38832,134,4452,389275,2018
201999,29,2,4,Missouri,10955,10955,2766152,277,554,60081,116,447,53383,179,5504,508952,10275,10275,2644263,274,548,59499,113,435,52674,173,4594,478413,2019
202099,29,2,4,Missouri,13107,13107,3312697,287,574,63084,126,490,58509,208,5668,587606,12265,12265,3154766,281,562,61818,118,461,54894,192,5359,559904,2020
202199,29,2,4,Missouri,13941,13941,3920894,239,478,71838,157,595,79633,238,6358,675225,13228,13228,3773469,234,468,71193,152,576,78435,236,6344,674636,2021
202299,29,2,4,Missouri,11598,11598,3547300,296,592,84954,157,586,86928,263,8125,1117079,10791,10791,3370366,290,580,83546,147,555,85783,250,8059,1111028,2022
202399,29,2,4,Missouri,11022,11022,3496122,331,662,102161,146,547,78916,191,4550,589713,10093,10093,3277445,320,640,99243,135,514,77316,177,4469,584229,2023
201599,30,4,8,Montana,2992,2992,641374,116,232,31822,63,231,24401,78,1371,129792,2822,2822,608237,98,196,27336,57,211,21834,73,1340,127588,2015
201699,30,4,8,Montana,3113,3113,596712,95,190,29220,74,279,32273,61,1199,101986,3004,3004,573181,79,158,25347,70,267,30653,59,1187,101650,2016
201799,30,4,8,Montana,3161,3161,625684,176,352,51134,98,350,46654,63,1069,123918,2467,2467,573089,150,300,44708,92,332,44224,59,885,100469,2017
201899,30,4,8,Montana,3213,3213,649230,139,278,42432,115,428,60840,78,1180,117394,2485,2485,595591,104,208,33622,105,397,57366,74,1003,94900,2018
201999,30,4,8,Montana,3014,3014,631710,164,328,53835,102,376,49940,53,1058,120260,2292,2292,579463,154,308,51726,101,372,49400,51,871,96511,2019
202099,30,4,8,Montana,3318,3318,717620,208,416,67123,142,522,77418,96,1724,189725,2564,2564,668455,204,408,66153,140,514,76381,94,1532,165294,2020
202199,30,4,8,Montana,3169,3169,867672,174,348,68725,73,267,40903,134,3488,433899,2733,2733,761916,133,266,53026,41,149,20929,98,2738,349220,2021
202299,30,4,8,Montana,3190,3190,848775,124,248,47471,71,264,36269,136,2758,345339,2580,2580,738265,84,168,32376,41,161,19012,102,2027,268276,2022
202399,30,4,8,Montana,2274,2274,753052,73,146,30568,57,196,38688,65,1691,212937,1804,1804,631674,39,78,17649,27,98,22610,31,1037,143572,2023
201599,31,2,4,Nebraska,5198,5198,1044706,77,154,18250,7,24,1839,74,2720,252520,4628,4628,927560,63,126,15800,7,24,1839,62,2257,209007,2015
201699,31,2,4,Nebraska,5080,5080,1049459,86,172,21417,12,43,3670,89,2783,231649,4060,4060,836702,81,162,20517,12,43,3670,58,1573,104769,2016
201799,31,2,4,Nebraska,5436,5436,1124302,92,184,24787,30,110,9523,96,3133,287445,4211,4211,866254,78,156,20012,30,110,9523,63,1930,161101,2017
201899,31,2,4,Nebraska,4900,4900,1078249,82,164,22379,28,100,9306,73,2702,199911,4698,4698,1039993,78,156,21509,24,88,8783,72,2697,199620,2018
201999,31,2,4,Nebraska,4672,4672,1022374,82,164,26721,21,74,11646,81,3115,264415,3613,3613,785191,69,138,23000,21,74,11646,62,2277,170444,2019
202099,31,2,4,Nebraska,5745,5745,1286223,150,300,44205,27,96,12855,134,3342,300505,4514,4514,1009246,133,266,39537,26,93,12375,116,2597,215953,2020
202199,31,2,4,Nebraska,6328,6328,1542380,59,118,16338,49,177,24376,169,4100,432907,6089,6089,1480052,59,118,16338,48,173,23931,169,4100,432907,2021
202299,31,2,4,Nebraska,5073,5073,1332834,161,322,44358,74,282,28771,180,5438,464825,4736,4736,1250397,161,322,44358,74,282,28771,172,5397,460846,2022
202399,31,2,4,Nebraska,4666,4666,1223512,107,214,35302,46,160,26189,170,3837,415151,4522,4522,1188610,107,214,35302,46,160,26189,169,3832,414521,2023
201599,32,4,8,Nevada,10422,10422,1822204,24,48,5452,9,33,3802,252,3580,310299,10418,10418,1821660,24,48,5452,9,33,3802,252,3580,310299,2015
201699,32,4,8,Nevada,11374,11374,2333929,46,92,12463,25,77,9023,350,6409,516515,11346,11346,2325832,46,92,12463,25,77,9023,350,6409,516515,2016
201799,32,4,8,Nevada,12766,12766,2179792,46,92,8666,58,198,32942,318,6488,624398,12758,12758,2177882,46,92,8666,58,198,32942,318,6488,624398,2017
201899,32,4,8,Nevada,12997,12997,2964249,21,42,5693,15,50,5945,280,4556,424723,12988,12988,2962065,21,42,5693,15,50,5945,280,4556,424723,2018
201999,32,4,8,Nevada,13088,13088,2860591,29,58,5957,74,242,32909,287,6755,782379,13088,13088,2860591,29,58,5957,74,242,32909,287,6755,782379,2019
202099,32,4,8,Nevada,13706,13706,3464558,293,586,34935,194,641,74509,274,4783,483454,11610,11610,2874845,269,538,29898,178,588,67590,168,2940,252596,2020
202199,32,4,8,Nevada,16295,16295,4476019,110,220,29076,199,677,96530,364,6214,691807,13995,13995,3829022,81,162,23011,176,602,86698,223,3704,374814,2021
202299,32,4,8,Nevada,12419,12419,3552343,114,228,34634,71,267,32739,385,7117,793453,10531,10531,3022033,88,176,29190,53,203,24355,245,4593,475427,2022
202399,32,4,8,Nevada,13039,13039,3878726,80,160,23525,81,292,44560,230,4960,740114,11200,11200,3364415,57,114,18710,63,234,36951,101,2799,467689,2023
201599,33,1,1,New Hampshire,2424,2424,567144,39,78,10894,13,45,5022,45,1216,153871,2270,2270,528497,39,78,10894,13,45,5022,40,1094,123172,2015
201699,33,1,1,New Hampshire,2680,2680,616513,68,136,16768,21,70,6557,36,910,119688,2410,2410,558493,68,136,16768,20,67,6076,30,769,93053,2016
201799,33,1,1,New Hampshire,2711,2711,652183,72,144,20661,14,55,8778,34,715,76673,2402,2402,584556,67,134,19209,14,55,8778,25,619,64722,2017
201899,33,1,1,New Hampshire,2710,2710,702269,98,196,27242,20,75,11406,70,1464,134326,2252,2252,601168,80,160,21953,16,59,6776,48,1212,115052,2018
201999,33,1,1,New Hampshire,2746,2746,761471,96,192,32924,11,38,4710,73,1767,260323,2391,2391,677781,91,182,30760,11,38,4710,62,1663,251217,2019
202099,33,1,1,New Hampshire,3033,3033,851114,85,170,26110,28,109,14205,50,1008,167962,2473,2473,698034,74,148,21264,27,106,13793,35,931,161347,2020
202199,33,1,1,New Hampshire,3426,3426,1040877,66,132,23796,41,141,26778,59,1193,169117,3057,3057,943842,62,124,22046,38,130,25568,41,1086,159856,2021
202299,33,1,1,New Hampshire,3129,3129,1102148,92,184,35294,43,154,31000,66,1316,209783,2660,2660,968140,88,176,33644,39,142,28844,39,1167,195518,2022
202399,33,1,1,New Hampshire,2969,2969,1073058,103,206,49107,39,134,26016,46,1246,232097,2309,2309,859945,93,186,45842,34,119,24231,40,1170,218794,2023
201599,34,1,2,New Jersey,10518,10518,2296079,365,730,91420,85,269,35704,840,19043,1628793,8489,8489,1914725,315,630,80425,61,196,26570,309,9497,847050,2015
201699,34,1,2,New Jersey,9626,9626,2206420,436,872,108339,87,287,26219,714,16008,1687710,7597,7597,1826802,379,758,93903,71,239,20776,385,12987,1468086,2016
201799,34,1,2,New Jersey,10148,10148,2243830,403,806,116398,193,675,52790,772,16872,1728663,8850,8850,1999951,375,750,109409,186,652,49007,497,13944,1517326,2017
201899,34,1,2,New Jersey,10348,10348,2120405,453,908,119947,172,586,94582,665,16100,1885497,8889,8889,1830227,419,840,111665,149,511,88374,372,13118,1589219,2018
201999,34,1,2,New Jersey,11526,11526,2368948,533,1066,124485,279,932,91137,1071,22981,1869084,11427,11427,2356586,530,1060,123854,279,932,91137,1040,22818,1848497,2019
202099,34,1,2,New Jersey,12289,12289,2327018,619,1238,145215,191,636,56774,995,21983,2267431,10854,10854,2021226,572,1144,133657,170,572,50162,638,18585,1910250,2020
202199,34,1,2,New Jersey,13913,13913,2905710,596,1192,160591,191,645,58718,1030,21344,2109037,13857,13857,2896801,576,1152,158138,186,630,58364,984,20698,2067323,2021
202299,34,1,2,New Jersey,13185,13185,2882444,615,1230,181512,210,693,84406,1095,21798,2984198,12848,12848,2838225,583,1166,181043,203,670,84244,1052,21484,2964561,2022
202399,34,1,2,New Jersey,13228,13228,2899625,703,1406,184920,218,728,83543,980,17478,1992425,10933,10933,2489020,590,1180,162927,141,489,60640,503,12244,1278769,2023
201599,35,4,8,New Mexico,3925,3925,828540,9,18,2399,23,83,9505,40,573,31697,2941,2941,642996,3,6,700,9,31,5145,29,518,28944,2015
201699,35,4,8,New Mexico,3816,3816,812660,5,10,1175,7,28,2348,87,1009,90823,2317,2317,501828,3,6,609,0,0,0,71,872,82830,2016
201799,35,4,8,New Mexico,4114,4114,891700,6,12,1617,5,18,1820,58,597,46679,2462,2462,543153,4,8,1071,4,15,1568,29,316,23083,2017
201899,35,4,8,New Mexico,4394,4394,1007273,6,12,1209,7,24,3213,59,383,25859,3420,3420,780945,4,8,640,5,18,2710,37,262,18191,2018
201999,35,4,8,New Mexico,4285,4285,1042070,7,14,1767,6,19,1523,39,702,76515,3156,3156,774094,6,12,1484,2,7,227,18,582,69191,2019
202099,35,4,8,New Mexico,4418,4418,1136457,6,12,1489,9,29,2925,85,760,85110,3061,3061,819327,6,12,1489,2,8,632,62,637,77207,2020
202199,35,4,8,New Mexico,5465,5465,1413313,29,58,10465,7,27,2822,116,2203,195688,3525,3525,927310,27,54,9857,7,27,2822,75,1934,177079,2021
202299,35,4,8,New Mexico,7155,7155,1625529,10,20,3128,8,31,4650,37,1427,147731,6790,6790,1542231,10,20,3128,8,31,4650,24,1346,140264,2022
202399,35,4,8,New Mexico,6835,6835,2292818,43,86,15706,16,61,5750,57,1529,188520,6611,6611,2245984,43,86,15706,16,61,5750,57,1529,188520,2023
201599,36,1,2,New York,10065,10065,2911836,622,1244,161170,341,1186,131068,1434,62116,7622263,8841,8841,2656297,590,1180,152896,332,1158,126980,1326,60835,7492354,2015
201699,36,1,2,New York,10243,10243,3040280,628,1256,160949,300,1055,121405,797,21157,2722627,8792,8792,2742411,588,1176,151994,282,993,113654,706,20208,2588316,2016
201799,36,1,2,New York,10361,10361,3074361,696,1392,186504,274,923,112243,840,26674,3582392,8848,8848,2749344,645,1290,173500,248,833,103437,718,25228,3395628,2017
201899,36,1,2,New York,10033,10033,2964345,568,1136,162455,234,795,96668,834,25814,3468914,8306,8306,2584346,490,980,144483,206,701,88863,703,24186,3256422,2018
201999,36,1,2,New York,9412,9412,2938240,543,1086,165824,213,705,93155,928,34016,4549116,7895,7895,2601838,494,988,152388,187,621,82990,820,31762,4240422,2019
202099,36,1,2,New York,9516,9516,2947944,479,958,160029,142,489,69877,735,26367,3228560,7561,7561,2467720,434,868,147862,121,419,62200,631,23917,2987024,2020
202199,36,1,2,New York,11099,11099,3935759,454,908,145096,183,618,94651,760,27510,3476678,9152,9152,3493505,417,834,133681,160,541,86204,627,24953,3149588,2021
202299,36,1,2,New York,11174,11174,4299946,492,984,168012,152,541,80844,1030,40661,6573926,9600,9600,3910086,453,906,156758,128,462,72850,874,39037,6366578,2022
202399,36,1,2,New York,9677,9677,3882284,528,1056,177422,191,658,96667,834,37416,6036709,7670,7670,3299964,440,880,152657,171,592,89718,639,35933,5846376,2023
201599,37,3,5,North Carolina,38937,38937,8310278,245,490,51513,66,260,19478,547,15070,1326662,36622,36622,7899382,229,458,49759,64,254,19208,512,14743,1290123,2015
201699,37,3,5,North Carolina,43675,43675,9611054,177,354,38433,24,88,14439,554,16433,1427126,40096,40096,8947503,170,340,38012,24,88,14439,496,15744,1371800,2016
201799,37,3,5,North Carolina,49366,49366,11015850,225,450,54740,44,159,31130,553,17072,1591877,46085,46085,10402345,219,438,53531,44,159,31130,484,15979,1493653,2017
201899,37,3,5,North Carolina,51248,51248,11588273,273,546,58492,48,185,23205,583,19712,1911988,45596,45596,10500241,236,472,48673,46,178,22760,485,17791,1734926,2018
201999,37,3,5,North Carolina,51642,51642,11742608,204,408,49008,57,212,35520,641,19045,2022535,47537,47537,10990018,202,404,47949,57,212,35520,611,18779,1992265,2019
202099,37,3,5,North Carolina,60505,60505,13869234,251,502,70354,29,100,18181,538,19367,2153825,53641,53641,12329783,247,494,69215,26,90,16506,499,18153,2061893,2020
202199,37,3,5,North Carolina,68636,68636,17262614,271,542,86487,64,238,39056,743,25458,3097697,63413,63413,16213806,263,526,84689,63,234,38429,710,24968,3042745,2021
202299,37,3,5,North Carolina,65183,65183,18093711,351,702,112240,35,124,20588,769,28109,3770536,61370,61370,17328971,345,690,110521,35,124,20588,719,27793,3723293,2022
202399,37,3,5,North Carolina,65860,65860,18308948,433,866,135287,59,203,51390,835,31924,4245882,60811,60811,17059893,392,784,121418,51,179,46462,750,29899,3939329,2023
201599,38,2,4,North Dakota,3440,3440,678561,33,66,10077,5,19,1998,85,2731,262388,2890,2890,628241,31,62,9547,5,19,1998,84,2719,260602,2015
201699,38,2,4,North Dakota,2359,2359,550030,28,56,7089,14,51,7689,53,1515,149367,2169,2169,510031,23,46,5839,13,48,7419,48,1402,135980,2016
201799,38,2,4,North Dakota,2111,2111,488144,21,42,6925,3,10,1654,27,1248,109963,2000,2000,464107,18,36,6170,3,10,1654,26,1232,107581,2017
201899,38,2,4,North Dakota,1905,1905,464240,25,50,9294,4,15,2672,36,1241,131692,1766,1766,430128,22,44,8539,4,15,2672,35,1228,129757,2018
201999,38,2,4,North Dakota,1767,1767,449484,22,44,7455,1,4,568,13,680,79950,1642,1642,423030,21,42,7190,1,4,568,11,662,77581,2019
202099,38,2,4,North Dakota,2171,2171,583299,97,194,24460,8,24,2742,24,1104,116254,2090,2090,564470,96,192,24195,8,24,2742,22,1083,113501,2020
202199,38,2,4,North Dakota,2266,2266,666882,129,258,47530,2,8,2015,27,1068,149142,2137,2137,634651,128,256,47265,2,8,2015,25,1044,146005,2021
202299,38,2,4,North Dakota,1961,1961,633938,66,132,24508,18,70,5564,32,1277,176020,1862,1862,610386,64,128,23763,18,70,5564,31,1270,175414,2022
202399,38,2,4,North Dakota,1499,1499,501369,57,114,25163,5,20,3840,12,985,159060,1399,1399,477612,57,114,25163,5,20,3840,11,980,158315,2023
201599,39,2,3,Ohio,13529,13529,3348471,159,318,29923,178,657,72401,301,5543,532095,12397,12397,3146608,122,244,26593,168,624,69454,269,5333,524164,2015
201699,39,2,3,Ohio,15221,15221,3815422,203,406,43698,150,540,62684,355,6649,667462,13918,13918,3573239,170,340,40780,140,508,60965,326,6439,660146,2016
201799,39,2,3,Ohio,16153,16153,4103529,132,264,25952,162,591,63323,367,6909,828187,15027,15027,3900413,100,200,23268,153,563,62250,355,6800,818516,2017
201899,39,2,3,Ohio,16329,16329,4341641,222,444,57043,175,621,68738,329,6827,721917,14936,14936,4048696,205,410,55173,162,577,66879,312,6731,713231,2018
201999,39,2,3,Ohio,16078,16078,4569919,149,298,40156,157,555,67773,283,6116,743843,14949,14949,4336605,147,294,39566,144,514,65927,263,5936,730835,2019
202099,39,2,3,Ohio,18352,18352,5337916,233,466,59577,205,733,68871,458,10135,952115,16449,16449,4922989,219,438,56700,190,688,66292,436,9957,940057,2020
202199,39,2,3,Ohio,20506,20506,6325437,188,376,52280,169,607,76992,464,8929,884745,19063,19063,6024218,179,358,51155,152,553,73835,434,8375,829313,2021
202299,39,2,3,Ohio,17350,17350,6069499,281,562,94778,329,1198,132365,676,11733,1287990,16208,16208,5791283,277,554,93788,298,1103,116307,623,11086,1226194,2022
202399,39,2,3,Ohio,16009,16009,5561664,340,680,112282,281,977,145686,402,9652,1145413,14363,14363,5065254,323,646,106867,260,914,141069,364,9245,1102271,2023
201599,40,3,7,Oklahoma,9571,9571,2065949,168,336,34161,34,131,11395,67,1507,104729,9049,9049,1991171,150,300,31558,30,119,10380,65,1497,104241,2015
201699,40,3,7,Oklahoma,9170,9170,1939468,153,306,31612,41,156,15023,117,2460,168908,8170,8170,1759734,144,288,30041,37,144,14008,109,2354,161305,2016
201799,40,3,7,Oklahoma,9419,9419,2028917,196,392,45293,14,47,4752,71,1234,112669,8880,8880,1933937,185,370,43629,10,34,3908,68,1219,111936,2017
201899,40,3,7,Oklahoma,9361,9361,2065839,184,368,43841,26,92,8808,47,681,62809,8401,8401,1888511,163,326,40238,22,80,8308,38,620,59156,2018
201999,40,3,7,Oklahoma,10393,10393,2274806,217,434,42868,25,95,8060,41,1230,156871,10162,10162,2244655,209,418,41710,20,78,6962,35,1200,155407,2019
202099,40,3,7,Oklahoma,12100,12100,2702587,209,418,41823,19,73,8026,92,1142,100083,11495,11495,2602237,200,400,40341,16,63,7183,72,1006,90746,2020
202199,40,3,7,Oklahoma,13315,13315,3313629,243,486,45892,23,81,10553,77,851,84134,12605,12605,3198737,234,468,44528,19,69,9533,51,683,72757,2021
202299,40,3,7,Oklahoma,10926,10926,3014001,345,690,78792,54,195,18571,86,2065,287323,10508,10508,2945260,344,688,78605,49,180,17296,68,1928,276784,2022
202399,40,3,7,Oklahoma,10325,10325,2853969,390,780,101033,92,325,59195,103,1975,202182,9622,9622,2728268,385,770,100332,86,307,57665,80,1814,188028,2023
201599,41,4,9,Oregon,10255,10255,2701797,172,344,54382,45,157,20201,229,6754,815578,9839,9839,2611936,172,344,54382,45,157,20201,226,6739,814322,2015
201699,41,4,9,Oregon,11006,11006,2914551,124,248,44804,57,201,25067,316,8131,959987,10260,10260,2757845,124,248,44804,57,201,25067,309,8041,951316,2016
201799,41,4,9,Oregon,10604,10604,2853994,196,392,71141,39,143,18763,268,8914,1209809,9842,9842,2651109,196,392,71141,39,143,18763,260,8806,1195073,2017
201899,41,4,9,Oregon,11217,11217,3010461,203,406,68644,59,212,33182,325,8297,1068607,10135,10135,2729115,188,376,63908,56,202,31858,309,8162,1050518,2018
201999,41,4,9,Oregon,11586,11586,3127851,246,492,85582,66,244,37323,377,9715,1196349,11104,11104,3004844,244,488,85005,66,244,37323,368,9643,1190355,2019
202099,41,4,9,Oregon,11492,11492,3153662,262,524,83931,38,139,19804,303,6510,809604,10946,10946,3017366,249,498,78825,36,133,18354,288,5758,711565,2020
202199,41,4,9,Oregon,13185,13185,3748332,212,424,71989,70,250,31067,307,8057,1276930,12696,12696,3629985,212,424,71989,69,247,30857,297,7938,1260817,2021
202299,41,4,9,Oregon,10312,10312,3244253,218,436,83552,54,188,28045,400,9385,1217508,10079,10079,3185442,218,436,83552,53,185,27835,400,9385,1217508,2022
202399,41,4,9,Oregon,9797,9797,3346448,248,496,109015,63,230,45401,311,7174,1145242,9253,9253,3214162,246,492,108242,58,215,44423,300,7066,1129990,2023
201599,42,1,2,Pennsylvania,15420,15420,3465208,166,332,40139,199,666,84846,237,6436,816196,15085,15085,3397139,152,304,36466,197,660,84452,225,6244,796909,2015
201699,42,1,2,Pennsylvania,16457,16457,3733765,235,470,65864,234,831,100009,234,5545,615922,15522,15522,3512514,207,414,58423,208,746,91093,209,4809,535615,2016
201799,42,1,2,Pennsylvania,15703,15703,3570543,277,554,80592,224,816,104660,238,5511,678195,12903,12903,2907016,246,492,70365,192,708,93261,191,4528,565541,2017
201899,42,1,2,Pennsylvania,15335,15335,3593293,255,510,83605,245,866,103846,307,6614,903577,14384,14384,3366704,205,410,66798,196,695,84548,278,5880,816856,2018
201999,42,1,2,Pennsylvania,14878,14878,3584647,306,612,97629,274,952,132915,312,7097,862292,12871,12871,3107456,298,596,94987,272,944,132602,295,6374,795381,2019
202099,42,1,2,Pennsylvania,15846,15846,3837780,404,808,123603,322,1131,145523,310,7921,970436,12737,12737,3122060,325,650,100473,239,853,110229,226,5676,676847,2020
202199,42,1,2,Pennsylvania,18764,18764,4886551,559,1118,178021,419,1422,186177,663,26590,4060382,15862,15862,4225461,546,1092,174515,404,1374,177434,596,24728,3850931,2021
202299,42,1,2,Pennsylvania,18150,18150,5237550,303,606,106036,213,735,106509,353,8658,1167228,17344,17344,5057261,302,604,105586,212,732,106210,337,8578,1158539,2022
202399,42,1,2,Pennsylvania,15912,15912,4805012,194,388,62097,157,563,88312,319,8457,1067377,15149,15149,4595895,193,386,61547,157,563,88312,297,8325,1046366,2023
201599,44,1,1,Rhode Island,841,841,190734,36,72,9300,13,46,6837,3,39,4743,787,787,179173,36,72,9300,13,46,6837,3,39,4743,2015
201699,44,1,1,Rhode Island,919,919,212363,40,80,8167,38,126,11001,8,101,4981,867,867,203850,40,80,8167,34,114,8901,8,101,4981,2016
201799,44,1,1,Rhode Island,981,981,231059,26,52,6210,6,18,2830,4,102,6849,922,922,220805,25,50,5697,6,18,2830,4,102,6849,2017
201899,44,1,1,Rhode Island,936,936,223001,50,100,13178,18,59,5256,10,199,18839,789,789,197528,45,90,12278,18,59,5256,9,194,18464,2018
201999,44,1,1,Rhode Island,1020,1020,249341,65,130,11565,23,87,7904,11,163,11604,992,992,247012,65,130,11565,23,87,7904,11,163,11604,2019
202099,44,1,1,Rhode Island,976,976,254502,104,208,22786,22,83,7808,15,107,13853,918,918,243310,104,208,22786,22,83,7808,15,107,13853,2020
202199,44,1,1,Rhode Island,1033,1033,287267,74,148,21258,22,85,9011,9,126,10959,852,852,237640,66,132,19593,22,85,9011,9,126,10959,2021
202299,44,1,1,Rhode Island,960,960,328614,75,150,21737,16,58,9158,7,204,28318,792,792,281708,71,142,20904,16,58,9158,7,204,28318,2022
202399,44,1,1,Rhode Island,709,709,230171,60,120,16608,7,23,3243,13,317,32459,496,496,156958,42,84,9404,5,17,2193,12,312,31959,2023
201599,45,3,5,South Carolina,24322,24322,5661226,119,238,22210,8,31,3527,261,6439,555733,20527,20527,4956899,116,232,21748,7,28,2942,179,4526,448031,2015
201699,45,3,5,South Carolina,26349,26349,6233467,111,222,15244,21,77,8762,213,5517,466131,21595,21595,5211873,102,204,14450,21,77,8762,137,3816,376001,2016
201799,45,3,5,South Carolina,28851,28851,7388833,69,138,14252,18,59,6257,278,6473,629048,23416,23416,6131594,64,128,12685,18,59,6257,209,5129,549856,2017
201899,45,3,5,South Carolina,30579,30579,7737923,48,96,9450,10,38,4531,198,4774,391674,23701,23701,6106595,41,82,8266,10,38,4531,120,3218,302171,2018
201999,45,3,5,South Carolina,31052,31052,7542148,134,268,32684,24,74,9046,220,4640,422770,27494,27494,6575890,131,262,32230,24,74,9046,171,3811,359962,2019
202099,45,3,5,South Carolina,36226,36226,8956955,153,306,28633,28,90,7525,250,5718,512213,27957,27957,6950423,146,292,27360,20,65,5540,159,3933,394567,2020
202199,45,3,5,South Carolina,43264,43264,10770285,208,416,47718,12,42,8136,272,6958,826123,36753,36753,9049740,208,416,47718,11,39,7836,182,5432,689450,2021
202299,45,3,5,South Carolina,37906,37906,10939825,153,306,37394,138,509,76333,374,7317,861238,33117,33117,9756900,152,304,37169,137,505,75933,282,5586,715504,2022
202399,45,3,5,South Carolina,37163,37163,10665165,316,632,67777,177,593,47526,332,4086,501368,29467,29467,8838152,297,594,64154,177,593,47526,251,2600,372850,2023
201599,46,2,4,South Dakota,2868,2868,596971,96,192,27093,46,165,13615,74,1257,103062,2577,2577,529095,95,190,26843,39,142,13335,74,1257,103062,2015
201699,46,2,4,South Dakota,3195,3195,634339,39,78,8325,29,108,9256,91,2305,231778,2915,2915,568660,36,72,7683,23,88,9256,87,2269,229480,2016
201799,46,2,4,South Dakota,3386,3386,704967,47,94,14177,36,137,12447,87,1790,162743,3073,3073,633350,46,92,13927,29,114,12176,85,1780,162143,2017
201899,46,2,4,South Dakota,2985,2985,650611,47,94,11250,36,134,9798,89,1750,182679,2611,2611,564782,43,86,9997,25,96,9379,88,1744,182319,2018
201999,46,2,4,South Dakota,3127,3127,709345,58,116,18621,27,104,7638,56,1068,100711,2829,2829,640651,57,114,18269,20,79,7638,56,1068,100711,2019
202099,46,2,4,South Dakota,3726,3726,861766,74,148,18646,47,176,18187,104,2610,268291,3427,3427,790061,74,148,18646,37,142,18187,104,2610,268291,2020
202199,46,2,4,South Dakota,4324,4324,1126573,72,144,25550,74,274,35918,172,3175,377439,3982,3982,1041732,72,144,25550,63,238,35918,172,3175,377439,2021
202299,46,2,4,South Dakota,3917,3917,1103085,54,108,18528,88,324,37486,215,5072,667613,3607,3607,1017468,53,106,18249,74,280,36114,212,5053,666275,2022
202399,46,2,4,South Dakota,3252,3252,957893,85,170,29034,78,277,31349,147,3373,437309,2769,2769,820806,83,166,28530,41,154,23357,131,3288,425772,2023
201599,47,3,6,Tennessee,21636,21636,4616866,120,240,22177,43,160,13562,321,10183,943859,20083,20083,4323686,112,224,21073,40,148,12716,305,9904,925893,2015
201699,47,3,6,Tennessee,24551,24551,5372260,139,278,26707,79,288,25739,345,11040,1155894,22543,22543,5012685,129,258,25653,78,284,25339,333,10852,1143605,2016
201799,47,3,6,Tennessee,27119,27119,6064974,150,300,28055,99,355,34057,370,10138,915674,24986,24986,5724408,137,274,26289,98,352,33822,358,9975,904954,2017
201899,47,3,6,Tennessee,28021,28021,6238592,119,238,20711,88,328,28429,238,8582,760356,24896,24896,5616583,86,172,14840,74,282,23504,212,8121,717161,2018
201999,47,3,6,Tennessee,29598,29598,6707848,148,296,25782,57,205,20251,305,11262,1122616,26711,26711,6141525,142,284,25156,54,193,18792,303,11172,1113735,2019
202099,47,3,6,Tennessee,33030,33030,7595481,226,452,51900,169,625,75522,429,15612,1484349,29064,29064,6762119,185,370,45980,160,595,73019,393,14957,1420877,2020
202199,47,3,6,Tennessee,36986,36986,9597497,148,296,31252,137,512,68143,630,19690,1780659,33068,33068,8771880,104,208,24931,127,480,65992,590,19015,1717573,2021
202299,47,3,6,Tennessee,33211,33211,9278273,257,514,46229,254,939,121663,1524,17973,2339676,29931,29931,8547161,208,416,39226,242,903,119104,1467,17125,2261835,2022
202399,47,3,6,Tennessee,31293,31293,9182026,266,532,70433,169,602,77776,514,15036,2177855,28060,28060,8527500,204,408,60937,154,557,74519,452,14140,2083089,2023
201599,48,3,7,Texas,105448,105448,22892161,1033,2066,200810,307,1137,122006,2130,66792,5871984,94028,94028,21518799,1016,2032,197833,291,1085,119044,2054,64842,5742417,2015
201699,48,3,7,Texas,106511,106511,23459283,971,1942,196122,470,1767,167516,1633,55633,5419477,94706,94706,21932225,942,1884,189534,457,1718,163325,1565,53550,5255392,2016
201799,48,3,7,Texas,116766,116766,26395587,881,1762,191108,445,1710,186183,1581,54874,5741087,110429,110429,25398757,853,1706,186431,435,1679,184298,1535,54527,5705047,2017
201899,48,3,7,Texas,126048,126048,27650487,1213,2426,236158,355,1351,155866,1764,63053,6647360,112619,112619,26257243,1193,2386,233456,333,1266,147983,1679,61827,6537709,2018
201999,48,3,7,Texas,129094,129094,28232254,1278,2556,328265,467,1805,202682,2070,76440,8650083,125136,125136,27503903,1267,2534,326430,459,1779,201489,2037,76215,8622709,2019
202099,48,3,7,Texas,158242,158242,35150008,1715,3430,353121,397,1536,154376,2033,67295,7328928,147746,147746,32869766,1683,3366,346701,375,1452,145282,1967,65968,7209236,2020
202199,48,3,7,Texas,179620,179620,42406772,2175,4350,472054,569,2133,241551,2151,79852,9198847,166262,166262,39504488,2108,4216,457980,553,2083,234894,2085,78854,9108451,2021
202299,48,3,7,Texas,154793,154793,39805729,2039,4078,489521,865,3302,423540,2864,100834,12097257,147648,147648,38241399,1997,3994,479722,853,3266,418919,2797,100130,12028766,2022
202399,48,3,7,Texas,149860,149860,40691996,2759,5518,737093,762,2854,323270,2221,74141,9074741,136556,136556,37480849,2589,5178,698617,671,2533,289481,2120,71953,8821409,2023
201599,49,4,8,Utah,12523,12523,3176762,57,114,17455,142,516,74432,231,5144,582535,11544,11544,2931078,52,104,15456,106,395,60662,185,4853,548722,2015
201699,49,4,8,Utah,15210,15210,3884125,103,206,30864,146,539,71713,276,6707,821607,14166,14166,3587733,85,170,26449,101,386,55380,222,6265,769659,2016
201799,49,4,8,Utah,17247,17247,4381579,120,240,32609,345,1280,144845,308,5912,683332,15793,15793,3995748,88,176,24148,239,906,96198,253,5509,630661,2017
201899,49,4,8,Utah,18545,18545,4725200,191,382,47165,269,979,123143,372,5668,715049,17043,17043,4353792,153,306,37899,176,646,82995,326,5205,656182,2018
201999,49,4,8,Utah,18191,18191,4874793,154,308,44288,210,757,127256,352,9523,1407256,17154,17154,4609675,153,306,44065,203,735,121921,337,9402,1386935,2019
202099,49,4,8,Utah,22301,22301,5943023,202,404,56904,286,1048,170582,303,8022,1116932,20254,20254,5435312,197,394,55262,259,959,153168,269,7428,1028173,2020
202199,49,4,8,Utah,24423,24423,7045024,240,480,69418,251,879,153678,573,13276,1919906,22832,22832,6638458,218,436,65904,201,717,121039,490,9577,1416623,2021
202299,49,4,8,Utah,19132,19132,6019509,147,294,52494,139,512,93177,463,11811,1827365,18352,18352,5803047,123,246,47854,116,434,79272,399,8065,1324296,2022
202399,49,4,8,Utah,14913,14913,5032660,112,224,41002,194,712,144458,412,9512,1769021,13972,13972,4740745,87,174,35056,165,620,128050,337,6377,1335319,2023
201599,50,1,1,Vermont,936,936,227464,46,92,12740,25,92,10114,58,878,83636,788,788,194784,43,86,11781,25,92,10114,22,572,63212,2015
201699,50,1,1,Vermont,969,969,238995,68,136,15947,11,38,4864,45,628,55389,756,756,184186,60,120,13781,8,27,3758,18,486,44913,2016
201799,50,1,1,Vermont,983,983,245760,34,68,9837,12,44,4593,41,654,66309,773,773,190945,31,62,8967,12,44,4593,17,487,52771,2017
201899,50,1,1,Vermont,1131,1131,263130,37,74,11486,19,67,7166,46,808,83601,860,860,193635,31,62,9880,19,67,7166,25,670,73889,2018
201999,50,1,1,Vermont,987,987,257969,48,96,19471,12,40,4189,47,678,70281,749,749,202744,42,84,18170,12,40,4189,20,491,57223,2019
202099,50,1,1,Vermont,1154,1154,309290,37,74,11600,12,42,4452,48,807,70861,813,813,221564,27,54,8754,10,35,3985,21,557,46864,2020
202199,50,1,1,Vermont,1361,1361,385777,66,132,22894,5,20,1484,55,806,89570,975,975,285659,57,114,20955,4,16,1292,23,489,58423,2021
202299,50,1,1,Vermont,1326,1326,398301,58,116,16381,13,42,4415,64,919,129686,947,947,300970,48,96,13549,12,39,4140,31,715,115740,2022
202399,50,1,1,Vermont,1303,1303,416122,64,128,21072,19,63,10936,54,962,125098,946,946,318612,55,110,18514,15,51,9596,26,803,113972,2023
201599,51,3,5,Virginia,19865,19865,4089211,43,86,11025,45,169,20834,239,8349,603235,19114,19114,3920982,35,70,9456,45,169,20834,226,8183,580044,2015
201699,51,3,5,Virginia,21614,21614,4512321,110,220,24887,78,286,34376,253,9012,901908,20456,20456,4270196,105,210,23846,78,286,34376,236,8745,865667,2016
201799,51,3,5,Virginia,22497,22497,4935703,42,84,8615,124,450,57369,338,10729,745363,20984,20984,4614158,38,76,7697,122,443,56780,321,10355,704745,2017
201899,51,3,5,Virginia,21427,21427,4798352,185,370,26202,71,264,33396,271,9916,972562,20397,20397,4572404,184,368,26082,69,256,32338,251,9390,928421,2018
201999,51,3,5,Virginia,21056,21056,4668695,145,290,17843,110,408,50707,282,10664,1056508,20122,20122,4481485,144,288,17653,110,408,50707,279,10273,1016736,2019
202099,51,3,5,Virginia,24238,24238,5295872,223,446,29595,85,320,39785,252,8809,976988,21286,21286,4608091,216,432,27077,84,316,39332,215,7579,841598,2020
202199,51,3,5,Virginia,25118,25118,6210452,251,502,54626,45,156,22161,309,13612,1462963,22974,22974,5706075,241,482,51232,41,143,19897,268,12359,1324821,2021
202299,51,3,5,Virginia,21130,21130,5772969,180,360,52681,25,86,13282,531,18125,2155320,19734,19734,5438136,179,358,52397,19,68,10189,477,17013,2037704,2022
202399,51,3,5,Virginia,21321,21321,5805965,196,392,58417,44,153,16993,317,14230,1552409,20063,20063,5433582,195,390,58297,36,129,14786,295,13973,1519961,2023
201599,53,4,9,Washington,19797,19797,5645496,349,698,124926,212,745,127095,501,19134,2621342,19340,19340,5553301,341,682,122532,210,739,126296,487,18918,2599579,2015
201699,53,4,9,Washington,22463,22463,6477935,438,876,157995,219,781,128945,597,19957,2351464,22076,22076,6399752,437,874,157672,219,781,128945,591,19797,2327208,2016
201799,53,4,9,Washington,23115,23115,6793348,431,862,152384,233,825,146291,652,20992,2820573,22453,22453,6616566,427,854,151617,231,817,145405,641,20724,2792433,2017
201899,53,4,9,Washington,23676,23676,6950464,644,1288,233261,325,1123,203074,583,21659,2421181,22395,22395,6557638,636,1272,230584,315,1091,198850,554,21183,2366216,2018
201999,53,4,9,Washington,23300,23300,6850159,690,1380,263048,317,1118,203838,697,22626,2906010,22074,22074,6469123,675,1350,260053,311,1100,200644,684,22538,2897222,2019
202099,53,4,9,Washington,23542,23542,6846249,528,1056,219323,290,1021,168673,682,18262,2253850,21668,21668,6305588,510,1020,214513,277,980,161917,634,17692,2199741,2020
202199,53,4,9,Washington,25076,25076,7541508,767,1534,313042,421,1486,274008,744,28845,4372770,22762,22762,6949008,750,1500,308463,414,1464,270874,683,27923,4254000,2021
202299,53,4,9,Washington,20400,20400,6978719,709,1418,311537,392,1365,263483,674,25847,3671069,18814,18814,6540509,705,1410,309806,390,1359,262546,606,24990,3586953,2022
202399,53,4,9,Washington,18056,18056,6551333,640,1280,314643,264,929,184249,562,16832,2467536,16227,16227,5684807,631,1262,311804,258,910,180887,506,15949,2358020,2023
201599,54,3,5,West Virginia,2029,2029,363816,26,52,5479,39,146,11621,52,587,36267,1881,1881,345165,20,40,4064,29,110,9666,25,390,24268,2015
201699,54,3,5,West Virginia,1994,1994,357847,20,40,3543,24,85,5038,39,425,30954,1802,1802,329061,11,22,1382,10,37,2129,20,285,22543,2016
201799,54,3,5,West Virginia,2348,2348,433018,33,66,5339,9,36,3136,23,269,21599,2128,2128,407110,22,44,3270,3,12,1385,5,110,8403,2017
201899,54,3,5,West Virginia,2341,2341,449843,14,28,3826,17,62,5910,26,456,40499,2055,2055,411226,9,18,2393,16,59,5711,10,373,34708,2018
201999,54,3,5,West Virginia,2551,2551,455456,26,52,6218,51,202,17394,25,205,21048,2384,2384,438071,26,52,6218,50,198,16532,6,108,13573,2019
202099,54,3,5,West Virginia,2803,2803,532748,16,32,4978,6,21,1579,18,348,34639,2538,2538,489361,16,32,4978,4,15,1129,15,331,31995,2020
202199,54,3,5,West Virginia,3112,3112,701534,42,84,11341,5,18,1765,21,478,63364,2946,2946,682033,42,84,11341,5,18,1765,19,464,61635,2021
202299,54,3,5,West Virginia,2947,2947,705905,43,86,9254,4,15,1770,16,358,43660,2644,2644,655091,43,86,9254,4,15,1770,12,92,8910,2022
202399,54,3,5,West Virginia,3278,3278,713465,16,32,4710,17,63,4786,28,641,37549,2995,2995,665361,16,32,4710,17,63,4786,26,631,36974,2023
201599,55,2,3,Wisconsin,9791,9791,2375987,265,530,66140,51,183,20758,290,6289,615497,9066,9066,2234134,254,508,63956,42,156,17701,245,5752,577410,2015
201699,55,2,3,Wisconsin,10998,10998,2813679,317,634,83325,51,180,22144,286,7462,813487,10263,10263,2652763,293,586,77477,37,136,16423,243,6715,737755,2016
201799,55,2,3,Wisconsin,11769,11769,3080289,364,728,105054,29,103,12842,292,6945,712610,10784,10784,2852926,343,686,99414,18,68,8614,248,6203,638814,2017
201899,55,2,3,Wisconsin,12039,12039,3219584,427,854,134081,46,177,22626,267,6043,631928,11332,11332,3059188,421,842,131315,41,162,20391,219,5484,586498,2018
201999,55,2,3,Wisconsin,11298,11298,3212687,505,1010,156670,28,105,21171,227,5067,577922,11133,11133,3186208,505,1010,156670,28,105,21171,227,5067,577922,2019
202099,55,2,3,Wisconsin,12169,12169,3558161,643,1286,233763,34,133,20744,324,7638,920697,11367,11367,3348825,633,1266,230823,33,130,20134,306,7537,907921,2020
202199,55,2,3,Wisconsin,13199,13199,4368305,725,1450,292842,27,103,20503,418,10692,1303981,12301,12301,4137546,717,1434,289039,27,103,20503,404,10613,1298584,2021
202299,55,2,3,Wisconsin,11652,11652,4272184,825,1650,326576,42,163,30661,277,7607,1226210,11608,11608,4260777,825,1650,326576,42,163,30661,277,7607,1226210,2022
202399,55,2,3,Wisconsin,11465,11465,4311030,789,1578,340277,58,226,54822,257,8225,1266748,11219,11219,4241240,777,1554,335226,58,226,54822,255,8209,1264212,2023
201599,56,4,8,Wyoming,1681,1681,585956,20,40,8761,26,98,6254,6,84,6695,1618,1618,570968,19,38,8467,26,98,6254,6,84,6695,2015
201699,56,4,8,Wyoming,1549,1549,547451,15,30,7829,9,33,3305,9,115,11833,1492,1492,533538,15,30,7829,9,33,3305,9,115,11833,2016
201799,56,4,8,Wyoming,1464,1464,474373,36,72,10569,29,111,8525,18,279,32784,1359,1359,443473,31,62,7452,26,100,8098,15,261,30573,2017
201899,56,4,8,Wyoming,1533,1533,564072,21,42,6086,20,68,6108,13,169,16931,1381,1381,519781,18,36,4216,18,62,5875,9,144,13770,2018
201999,56,4,8,Wyoming,1521,1521,517654,35,70,10121,15,54,4917,9,63,8321,1402,1402,483285,28,56,5758,10,38,4089,6,42,5250,2019
202099,56,4,8,Wyoming,1768,1768,655245,29,58,16037,14,49,3817,19,253,28760,1596,1596,606671,18,36,10242,7,28,2943,16,232,25689,2020
202199,56,4,8,Wyoming,2158,2158,989013,48,96,18960,44,165,13186,24,287,36967,1981,1981,936260,38,76,12727,39,150,12604,23,282,35927,2021
202299,56,4,8,Wyoming,1925,1925,1021735,41,82,16911,53,204,25819,20,794,59622,1746,1746,976180,37,74,15595,53,204,25819,20,794,59622,2022
202399,56,4,8,Wyoming,1418,1418,540480,35,70,11852,36,135,16173,8,58,6784,1314,1314,515417,31,62,10536,32,123,15373,5,43,5534,2023
