model,track,year,n,r_squared,rmse,mae,rmse_skill,change_r_squared
forest_m2_n15,lagged,2019,45,0.894300074202997,11063456.460017834,4208082.053044058,-2.7044953903083457,-18.356683154678574
forest_m2_n15,lagged,2020,46,0.9427565940349305,8030254.364111578,3475896.4483924867,-2.5796133541276456,-11.945012897436442
forest_m2_n15,lagged,2021,46,0.9567750264548376,7150231.95281031,3435254.0323917745,-2.010126455283485,-10.52402191468041
forest_m2_n5,lagged,2019,45,0.9588302988383743,6904660.783105932,3153293.9287230605,-1.311961377992128,-6.539351186384521
forest_m2_n5,lagged,2020,46,0.9852541804979743,4075688.891846192,2244894.8439199263,-0.8168030205524408,-2.3346168072785822
forest_m2_n5,lagged,2021,46,0.9811497676558921,4721838.362002167,2697631.7951019495,-0.9878139149666025,-4.025578336175268
forest_m4_n15,lagged,2019,45,0.8800084436706578,11787693.446973367,3655143.545409033,-2.946999402446272,-20.973889949217906
forest_m4_n15,lagged,2020,46,0.9621684939336292,6528198.996622831,2563585.658268929,-1.9100483306171245,-7.555209559987624
forest_m4_n15,lagged,2021,46,0.9852770895640339,4173011.6533151856,2072679.7010957408,-0.7567671732541845,-2.925211020307009
forest_m4_n5,lagged,2019,45,0.9760586950797455,5265351.864013025,2300090.6912487387,-0.7630540490739424,-3.384338495572078
forest_m4_n5,lagged,2020,46,0.9888729428074584,3540435.845193033,2032514.4442178006,-0.5782054784621122,-1.5162705894170347
forest_m4_n5,lagged,2021,46,0.9912912678179578,3209447.1601238446,1849516.0856146303,-0.35112285409512656,-1.321797152983288
levels_lag_all,lagged,2019,45,0.9961888152406688,2100794.11123444,1448369.6361447226,0.296568651110111,0.3020629364301294
levels_lag_all,lagged,2020,46,0.9918822448782701,3024019.1853603465,1908555.8900600455,-0.34800455480362547,-0.8357475935856635
levels_lag_all,lagged,2021,46,0.9962250655974565,2113038.777280362,1481970.9663314573,0.1104464908957864,-0.006418817953479206
log_ar,lagged,2019,45,0.9977222557887462,1624074.5679606034,1128594.5073135335,0.45619375172039356,0.5828798111995066
log_ar,lagged,2020,46,0.9908253758595225,3214849.9663985115,1932823.1196411336,-0.4330704046770373,-1.0747477517338027
log_ar,lagged,2021,46,0.9963748504454967,2070693.0526725703,1425927.7517269503,0.12827332319315876,0.03351466793978497
log_ar_l_gdp,lagged,2019,45,0.9977251674303548,1623036.2083385857,1171532.5137705102,0.4565414367722711,0.5834130161535585
log_ar_l_gdp,lagged,2020,46,0.9901682497814107,3327989.8051770683,1986610.035763118,-0.48350428378123644,-1.2233501175956447
log_ar_l_gdp,lagged,2021,46,0.9960626908756383,2158005.3601267515,1460640.2917473526,0.09151632170366464,-0.04970883525490155
log_ar_l_highway,lagged,2019,45,0.9977558207917954,1612063.9162726353,1125414.6225697028,0.46021540661400406,0.5890265243992584
log_ar_l_highway,lagged,2020,46,0.9911216048411701,3162523.8128009876,1911313.6399956646,-0.4097451910916574,-1.0077585863727738
log_ar_l_highway,lagged,2021,46,0.9966282952947964,1996997.5332695178,1400932.0040477617,0.15929788771848108,0.10108449523975582
log_ar_l_permits,lagged,2019,45,0.997284615292583,1773246.7548031341,1274804.4181315089,0.4062448338105671,0.5027353044176015
log_ar_l_permits,lagged,2020,46,0.988940570665022,3529660.4442557325,2040542.3952775493,-0.5734021724468477,-1.500977238617451
log_ar_l_permits,lagged,2021,46,0.9953916949227484,2334658.554196715,1523611.4837384522,0.017148321282178025,-0.2286001434863627
log_lag_all,lagged,2019,45,0.9969930049620578,1866035.259003521,1223789.68040651,0.3751754670781937,0.44933310257075054
log_lag_all,lagged,2020,46,0.9904980707875847,3271692.3936416465,1954145.5063225664,-0.45840881893075136,-1.1487644582207706
log_lag_all,lagged,2021,46,0.9962252909429974,2112975.707181397,1438985.4956600072,0.11047304233840882,-0.006358739560380577
naive_prior_year,lagged,2019,45,0.9922977685481957,2986494.864850395,1818688.888888889,0,-0.4104991339625217
naive_prior_year,lagged,2020,46,0.995532616590309,2243330.0945343464,1518347.8260869565,0,-0.010253231464464996
naive_prior_year,lagged,2021,46,0.9952294851201563,2375392.548794739,1693978.2608695652,0,-0.2718461923912685
ridge_0.01,lagged,2019,45,0.9969860728531166,1868184.932173134,1225656.1722411672,0.3744556690316898,0.448063634921114
ridge_0.01,lagged,2020,46,0.9905015470289645,3271093.871350767,1953496.486024423,-0.4581420181187186,-1.1479783416587352
ridge_0.01,lagged,2021,46,0.9962223980882563,2113785.221374529,1439810.0508684723,0.110132250584413,-0.00712999096202549
ridge_0.1,lagged,2019,45,0.996922351154751,1887830.60656856,1242398.7590770118,0.3678774978696878,0.4363943672651406
ridge_0.1,lagged,2020,46,0.990531602787065,3265914.443505637,1947669.7130997207,-0.4558332059391157,-1.141181538259398
ridge_0.1,lagged,2021,46,0.9961957508023573,2121227.463425451,1447213.7278242258,0.10699919282741288,-0.014234307783548727
ridge_1,lagged,2019,45,0.996161422373536,2108330.3162817205,1405497.8711316397,0.29404522301519675,0.2970465180571785
ridge_1,lagged,2020,46,0.9907161336332123,3233932.934468418,1902859.493213576,-0.4415769406150165,-1.0994517679377425
ridge_1,lagged,2021,46,0.9958712789814695,2209838.479136514,1521016.70296979,0.06969545717495229,-0.10074032659464782
ridge_10,lagged,2019,45,0.9815407606292015,4623388.523280673,3095634.173799264,-0.5480986013723741,-2.38041531328158
ridge_10,lagged,2020,46,0.9850575330132046,4102775.1979869413,2603744.641982273,-0.8288771714795566,-2.3790866319452926
ridge_10,lagged,2021,46,0.9887099618552102,3654268.607375035,2392965.8507586196,-0.5383851436383391,-2.00998789188842
ridge_100,lagged,2019,45,0.8280261387679274,14111874.677619135,9190806.179482665,-3.725229848445112,-30.493338501948827
ridge_100,lagged,2020,46,0.875333623566294,11850624.497974033,8224454.973490894,-4.282603985408531,-27.19203056847724
ridge_100,lagged,2021,46,0.8931784315639598,11240412.198451761,7372422.3535502525,-3.73202300990423,-27.479233060287967
sameyear_pooled_log,sameyear_conditional,2019,46,0.4045329841389349,26053312.856341556,17878630.99658774,-7.817361097831268,-107.07284874564574
sameyear_pooled_log,sameyear_conditional,2020,46,0.31817827789783304,27658269.77030194,18053937.431148626,-11.326716867540064,-152.53571370881255
sameyear_pooled_log,sameyear_conditional,2021,47,0.33987717462164624,27741727.197199095,17566620.15618557,-10.796879606850716,-173.8257635571861
sameyear_state_log,sameyear_conditional,2019,46,0.9909925061095665,3204321.529324309,1371167.360771063,-0.0844555605422832,-0.6347933619639419
sameyear_state_log,sameyear_conditional,2020,46,0.9944776253226139,2489158.353510273,1372486.8919241256,-0.10936622272516017,-0.2435534245606117
sameyear_state_log,sameyear_conditional,2021,47,0.9951558018942984,2376468.5407307413,1562950.424833671,-0.010568414330714981,-0.2829288733746631
state_historical_mean,lagged,2019,45,0.9786301678669769,4974552.803602885,2479427.777777778,-0.6656826911544282,-2.9134281935259936
state_historical_mean,lagged,2020,46,0.9856912839184676,4014827.610030208,2128943.4782608696,-0.7896731380780482,-2.2357703232092883
state_historical_mean,lagged,2021,46,0.9813530528190795,4696308.6602144055,2934039.8550724634,-0.9770663432438931,-3.9713813643008367
state_log_lag_all,lagged,2019,45,0.989240637620834,3529772.841754409,1663953.508586147,-0.18191157242496359,-0.9703473483969924
state_log_lag_all,lagged,2020,46,0.9957216142847697,2195363.9922026354,1410258.947038876,0.021381651522696332,0.032486671082080365
state_log_lag_all,lagged,2021,46,0.9966482382563706,1991082.8529894,1466971.5705635443,0.1617878678622341,0.10640140135620002
