model,term,estimate,cluster_se,statistic,p_value,lower,upper,n,states,r_squared
state_year_log,l_permits_t,0.1917417960991919,0.12556647480760355,1.5270142479748994,0.13345973619020746,-0.06086536843749213,0.4443489606358759,419,48,0.9945535569206714
state_year_log,l_highway_t,0.03915177550107018,0.042658445837156084,0.9177965753962947,0.36341134984211465,-0.046665948242283574,0.12496949924442394,419,48,0.9945535569206714
state_year_log,l_gdp_t,0.518182470321197,0.16689656740246836,3.1048120305051476,0.003222087997025966,0.18242988407522087,0.8539350565671732,419,48,0.9945535569206714
pooled_log,l_permits_t,0.36094210472239996,0.2091933051425532,1.7253998854143,0.091025806712925,-0.05990054243390758,0.7817847518787076,419,48,0.6063636187222522
pooled_log,l_highway_t,0.5727761136959597,0.20833824917336718,2.7492604741020368,0.008449552868585739,0.1536536172743701,0.9918986101175493,419,48,0.6063636187222522
pooled_log,l_gdp_t,0.10652776211816879,0.2367923634357297,0.44987836842585766,0.6548662755868968,-0.36983702874731145,0.5828925529836491,419,48,0.6063636187222522
state_year_levels,housing_units_authorized,275.4443829400598,81.6256172449484,3.3744845336174945,0.0014902499916155704,111.23482177019812,439.65394410992155,419,48,0.9942078620685496
state_year_levels,highway_capital_outlays_2017_million_usd,-668.8397415849292,686.2588149759451,-0.9746173411388144,0.33473982466950825,-2049.414402576217,711.7349194063588,419,48,0.9942078620685496
state_year_levels,construction_gdp_chained_2017_million_usd,-40.34333338739565,195.19273276431235,-0.20668460764934657,0.8371489886391058,-433.02046187499025,352.3337951001989,419,48,0.9942078620685496
balanced47,l_permits_t,0.19193118166335263,0.125605883927556,1.5280429201393955,0.13334963497827063,-0.060900349292809436,0.4447627126195147,415,47,0.9945295107290595
balanced47,l_highway_t,0.039269078327414574,0.04271450392411754,0.9193382743523423,0.3627145652346673,-0.04671075863146829,0.12524891528629745,415,47,0.9945295107290595
balanced47,l_gdp_t,0.5179647190894235,0.16668294532121639,3.1074848005070255,0.00323070915085399,0.1824493520374193,0.8534800861414278,415,47,0.9945295107290595
through2021,l_permits_t,0.07897131369619943,0.09231914601184811,0.8554164234368499,0.39666052086017,-0.1067508525287691,0.264693479921168,325,48,0.9950540610495772
through2021,l_highway_t,0.04362335658528615,0.041577861076110244,1.0491967469281676,0.2994528886901874,-0.04002051101575269,0.127267224186325,325,48,0.9950540610495772
through2021,l_gdp_t,0.6210949398680391,0.1961882749792162,3.1658106985946874,0.0027141184655280633,0.2264150387735942,1.015774840962484,325,48,0.9950540610495772
exclude2020,l_permits_t,0.1989801125438233,0.12182507449835116,1.633326417924878,0.10908256307099853,-0.0461003254126566,0.44406055050030324,373,48,0.9947114447216501
exclude2020,l_highway_t,0.05120504683827163,0.040425689538700245,1.26664621983138,0.21152317689331163,-0.030120950602193212,0.13253104427873647,373,48,0.9947114447216501
exclude2020,l_gdp_t,0.5124049162375499,0.17651381853497405,2.9029167262393294,0.00561384351996136,0.15730491625759863,0.8675049162175013,373,48,0.9947114447216501
highway_preservation_component,l_permits_t,0.19832582396036172,0.12485701671829254,1.5884235357619707,0.11889592349000767,-0.05285409499526203,0.44950574291598544,419,48,0.9945260849466216
highway_preservation_component,l_preservation,0.007509057079327189,0.02368909299254278,0.31698373093858034,0.752659740145541,-0.040147251027283004,0.055165365185937384,419,48,0.9945260849466216
highway_preservation_component,l_gdp_t,0.5369222698062983,0.17134629824511724,3.1335504490339856,0.0029725361732731844,0.19221797974897253,0.8816265598636241,419,48,0.9945260849466216
without_highway_full_available,l_permits_t,0.19879996450020526,0.12146531249184075,1.6366809620117624,0.10837677635255276,-0.045556725652476954,0.44315665465288745,427,48,0.9945613870383517
without_highway_full_available,l_gdp_t,0.5455994045174527,0.17261708809973525,3.1607496715633077,0.0027532083468591764,0.1983386150251551,0.8928601940097503,427,48,0.9945613870383517
secondary_industrial_energy_2017_usd_per_mmbtu,l_permits_t,0.16970015133393773,0.09327380203975577,1.8193763696006198,0.07522724981691206,-0.017942535099049,0.35734283776692444,419,48,0.9947670950844403
secondary_industrial_energy_2017_usd_per_mmbtu,l_highway_t,0.04504816077734767,0.03897120154418207,1.1559346130571848,0.2535502334897528,-0.0333517842378114,0.12344810579250673,419,48,0.9947670950844403
secondary_industrial_energy_2017_usd_per_mmbtu,l_gdp_t,0.5187837962118476,0.17400242248444636,2.9814745611269884,0.004533812234712405,0.16873607341276375,0.8688315190109314,419,48,0.9947670950844403
secondary_industrial_energy_2017_usd_per_mmbtu,extra_log,0.30162709006299504,0.24663916402949182,1.222948882631341,0.22744582503687566,-0.19454690848757472,0.7978010886135648,419,48,0.9947670950844403
secondary_heavy_civil_employment_thousands,l_permits_t,0.07074139220701743,0.0752628395742623,0.9399245711054586,0.3538864117086924,-0.0822111002734374,0.22369388468747226,304,35,0.9962529740459793
secondary_heavy_civil_employment_thousands,l_highway_t,0.033439342239267145,0.03849318769195612,0.8687080557439758,0.3910978336837172,-0.044788227093847055,0.11166691157238134,304,35,0.9962529740459793
secondary_heavy_civil_employment_thousands,l_gdp_t,0.6156450653195606,0.18921786510718094,3.2536307550602235,0.002577649098345685,0.23110809789067155,1.0001820327484499,304,35,0.9962529740459793
secondary_heavy_civil_employment_thousands,extra_log,0.21228622849009812,0.12597000220796314,1.6852125487751919,0.10110618229621134,-0.04371561683577582,0.46828807381597204,304,35,0.9962529740459793
secondary_active_stone_mines,l_permits_t,0.18447309541778378,0.1230753498049659,1.4988630599881552,0.14059643361779192,-0.0631225720263289,0.43206876286189644,419,48,0.9946879085588166
secondary_active_stone_mines,l_highway_t,0.033831398848952206,0.042228001640875805,0.8011603091396144,0.427070593063807,-0.05112038286584466,0.11878318056374906,419,48,0.9946879085588166
secondary_active_stone_mines,l_gdp_t,0.47855605370267223,0.15587352286946154,3.0701561425762196,0.003549221938699685,0.1649789727283933,0.7921331346769511,419,48,0.9946879085588166
secondary_active_stone_mines,extra_log,0.13181472537938035,0.05779145473554839,2.2808687890374064,0.027133156500134696,0.015553314540497742,0.24807613621826297,419,48,0.9946879085588166
