state_fips,state,year,fitted_log,residual_log,standardized_residual,cooks_distance,leverage,prior_residual
56,Wyoming,2015,16.195091614897326,0.5273200029143225,5.67633007168895,0.09685573834059329,0.15063810940593486,
02,Alaska,2022,13.541937469451401,-0.34076291162278194,-3.928349227366312,0.09162844315189017,0.259433565684658,-0.1449391786813514
02,Alaska,2020,13.778919675809348,0.46185861755927116,4.975124148410221,0.0750904990836629,0.15181650066504182,0.39402555130869693
02,Alaska,2023,13.696545684012296,-0.4103642213785716,-4.43564545515981,0.062400052313610024,0.15762612649566116,-0.34076291162278194
02,Alaska,2019,13.853267423081114,0.39402555130869693,4.263345236577285,0.05838614984564533,0.15932655746452254,0.34552676135598354
38,North Dakota,2016,13.123173305908464,0.3830910016881877,4.147235565336697,0.05561773521579881,0.16021897865215348,0.27614661277150904
38,North Dakota,2015,13.301106756068508,0.27614661277150904,3.1147315029568197,0.04812196912143834,0.226397664786,
02,Alaska,2018,13.806456033229503,0.34552676135598354,3.744633618508291,0.045957828098541285,0.1620380920861262,
56,Wyoming,2022,16.1278312241449,-0.34381068520806973,-3.6982391316489887,0.04071397266113771,0.14939423387796918,-0.2823507259070324
02,Alaska,2016,13.837120009062104,-0.2960462967995904,-3.1994640348156236,0.03239963878247191,0.1573555543246291,-0.009298321741656545
28,Mississippi,2020,14.419276841573305,-0.32613454701075134,-3.4759500604645153,0.031573710695738784,0.13358469303110887,0.13598894230406203
28,Mississippi,2021,14.412954715255623,-0.31981242069306876,-3.4043361210258705,0.029723404112862423,0.13142895099566393,-0.32613454701075134
56,Wyoming,2021,16.104732132716308,-0.2823507259070324,-3.0110874214775567,0.023903926898227113,0.1346124362029891,-0.03285386292000858
16,Idaho,2015,15.219712986416518,0.24253126872555333,2.6050234406418573,0.01980837059839917,0.14691605608959113,
38,North Dakota,2022,12.84392488860274,-0.1963766974413676,-2.1104356284102384,0.013097937587416298,0.14785157460355916,-0.17015323562406628
15,Hawaii,2015,15.63022299160633,-0.17571571896641092,-1.9079392654835718,0.012211519490317032,0.16522064928545532,
38,North Dakota,2018,12.883064213725119,-0.188411553376274,-2.024196903203462,0.0119979913030816,0.14731404416769653,-0.01198212953316806
15,Hawaii,2023,15.464480946275952,0.18520979680032956,1.987925075500213,0.011423980617277993,0.14570581820852083,0.06714387142863977
32,Nevada,2023,16.30086139128863,-0.18276574033031126,-1.9645697187769706,0.011381939949150776,0.1482066397153722,-0.1345461390296663
04,Arizona,2015,15.975779674327741,0.17187477887212207,1.8616749076909522,0.011283089483727986,0.1611270774832334,
38,North Dakota,2019,12.904341873275529,-0.17650366394102995,-1.893898117692365,0.010325223075106435,0.14518174676945714,-0.188411553376274
44,Rhode Island,2019,14.647321377014908,-0.17429081613384104,-1.8714610226728003,0.010179119874297966,0.1463752547212032,-0.16797324507453104
35,New Mexico,2023,15.483939072991545,-0.168805468600377,-1.8135527112272432,0.009630354777947938,0.1473079385905341,-0.023910284217492875
15,Hawaii,2018,15.53489273999195,-0.17608407209812105,-1.8816528331300413,0.009617913337293388,0.13813209046901212,-0.11009069180144287
44,Rhode Island,2018,14.571270467940924,-0.16797324507453104,-1.8050820950256805,0.00957436764733691,0.14775223697780027,0.10219082536825738
32,Nevada,2018,16.14164433138114,0.1753021783223438,1.8720411132926653,0.009427495840009644,0.13697490846537266,0.1643573878315782
38,North Dakota,2021,12.84934963773622,-0.17015323562406628,-1.823720168001885,0.009427106265239673,0.1432707705644865,0.022667248307697244
28,Mississippi,2023,14.469676489583719,0.17874319131565886,1.9019288855155185,0.009221313246114056,0.1307393335124709,-0.05691211963608213
15,Hawaii,2021,15.424479719900324,0.15747249930771606,1.7008592263068583,0.009088340067094464,0.156369519859634,0.10211059613310289
49,Utah,2016,16.04101346099507,-0.1611749991610086,-1.7333252123906446,0.008917924905190059,0.14902890863475599,-0.06951212785230876
32,Nevada,2017,16.127691570250178,0.1643573878315782,1.7617753258579851,0.008809823241200667,0.14344160496251723,0.015352552752127815
16,Idaho,2019,15.416252276373932,-0.1632790707153662,-1.7472437936318537,0.008460049925010189,0.14052432679566573,0.03613939867061873
48,Texas,2015,19.014283928851164,-0.15534825396764002,-1.6603619702130354,0.00750793851161193,0.13843755593769483,
35,New Mexico,2015,15.288905925420561,0.1597590715951289,1.7013118932800146,0.007470556196611872,0.13215384840914773,
09,Connecticut,2015,16.202409781133742,-0.1504539326799646,-1.6120830990397004,0.007334344269896558,0.14274149922393148,
44,Rhode Island,2022,14.579144779482817,0.14864848895807375,1.59479759351892,0.00730802952596426,0.14495412474397087,0.0012368881528009507
28,Mississippi,2018,14.38157772176658,0.15663881899918214,1.6670718267742382,0.007107059641887593,0.13110011883680164,0.1380396298650383
02,Alaska,2021,13.746018125933437,-0.1449391786813514,-1.5568575929080721,0.007079205424687082,0.1469914669121239,0.46185861755927116
32,Nevada,2021,16.260918378198006,-0.14683074863722634,-1.5713871626134288,0.0068524645710339605,0.14069530168454752,-0.014511477529395939
54,West Virginia,2018,16.668401151298607,-0.10561967907884053,-1.1758401250444759,0.006076280729788857,0.20590457020876451,-0.05638823261809496
28,Mississippi,2016,14.44813678529487,0.14210094022177253,1.5139225933562754,0.005954347315347883,0.13290611354907014,-0.04865243536581199
32,Nevada,2022,16.262592120841155,-0.1345461390296663,-1.4428165149574324,0.005942539667394544,0.1441457105157327,-0.14683074863722634
28,Mississippi,2017,14.414634994075957,0.1380396298650383,1.472869350201649,0.005763646336986345,0.1355125665960205,0.14210094022177253
04,Arizona,2018,16.147113333917293,0.13649675551859966,1.4556389413089366,0.005585775905006942,0.13460000543526257,0.004697215383911626
28,Mississippi,2019,14.416685681636933,0.13598894230406203,1.4478461560568214,0.005391634729386929,0.13175574399667864,0.15663881899918214
04,Arizona,2022,16.354650392974715,-0.12322605670939189,-1.3276842769784227,0.00536349845778233,0.15219682303072699,-0.055998925357205874
36,New York,2015,17.62187238132019,-0.10013373090736516,-1.1058218694775557,0.004957016695164452,0.19300655217695561,
20,Kansas,2019,16.65188908210029,-0.12168378031513766,-1.3063874490421996,0.004949675081326855,0.14611192205647014,-0.09448555575919589
20,Kansas,2021,16.655957540558685,0.12482608347487166,1.3300353979893125,0.00460386035997037,0.13311028291126462,0.0353340991908802
41,Oregon,2022,16.92464828262622,0.10573007880871953,1.1494238743510548,0.004497283876261916,0.16724692177489914,-0.00838854759623035
56,Wyoming,2023,16.074757275018218,-0.11800477446866202,-1.26298035047789,0.0044311005217525165,0.140817282467605,-0.34381068520806973
09,Connecticut,2021,16.042925701789613,0.114390662321987,1.227465864070422,0.004339352170510207,0.1452445775073832,0.03964220059975231
23,Maine,2023,15.383274767915358,-0.11849504966980524,-1.263860543626369,0.004220638107682036,0.13486941713305106,-0.049615378400199035
47,Tennessee,2015,17.625850381855827,-0.11647282826657633,-1.2419849376144567,0.004060875201311894,0.13444205547142973,
16,Idaho,2016,15.238958462915182,0.11126646128725665,1.1923539781138193,0.004019717613210663,0.14296668600732879,0.24253126872555333
41,Oregon,2020,16.918102709849247,-0.09690954747781429,-1.0571405188879532,0.003960159356392637,0.17292050314706595,
44,Rhode Island,2017,14.515321318068043,0.10219082536825738,1.1048908155365431,0.0038853656393309497,0.15809197621528026,0.07391250922350663
35,New Mexico,2021,15.379191125707548,-0.11206674050274047,-1.1969568452247161,0.0038636455442872517,0.13726770111423622,0.07331876323061239
15,Hawaii,2017,15.548942067368808,-0.11009069180144287,-1.1781042967581348,0.0038474932663137753,0.14056451024521083,-0.06013032131295925
39,Ohio,2022,18.032383903499245,0.10858293765051633,1.1619673285239824,0.003742714577640121,0.1405613075216843,0.0689989524152971
19,Iowa,2019,17.433490979728507,0.11252070704052365,1.1975205934758244,0.0036667439752873995,0.13108261693596868,0.08079414810936325
35,New Mexico,2016,15.265437475480717,0.11032075072688613,1.1744391918162724,0.0035419761470680752,0.1315738190593515,0.1597590715951289
50,Vermont,2015,15.495289857554228,-0.1070053715274438,-1.1410891270324124,0.003430500293578679,0.13453086174713688,
44,Rhode Island,2023,14.591357223980125,0.09962207133804886,1.0713610515148737,0.003406805566834886,0.14902071431671354,0.14864848895807375
15,Hawaii,2020,15.484956723741707,0.10211059613310289,1.094609236372839,0.0034037741686773998,0.14354811740848653,0.010084040509144963
04,Arizona,2020,16.3168961828226,-0.10349035205995465,-1.106324016128469,0.0033428879343754356,0.13877900174864408,-0.042292637620951784
16,Idaho,2020,15.451274596337774,-0.1053693332798513,-1.1233294342887303,0.003310772314382781,0.134048141645954,-0.1632790707153662
17,Illinois,2023,17.70541460054488,0.10277686586499248,1.098365634103858,0.0032806574063140373,0.13825964864543633,0.02174650596995248
09,Connecticut,2016,16.168779123810214,-0.10408424957900946,-1.110040072342298,0.0032507592402746316,0.13468889246941448,-0.1504539326799646
24,Maryland,2021,16.958852019090536,0.10314953077491397,1.1001608248581807,0.0031970057249903873,0.13482946019176217,0.014439712101392605
33,New Hampshire,2016,15.445240326796759,0.10369412338260613,1.1030621163186587,0.0030887397556016018,0.13026306808827165,0.061664726052125036
45,South Carolina,2020,17.24120208803415,-0.09706484124255735,-1.0397019748930332,0.0030372569620323703,0.14220063351653958,-0.040178912590571825
56,Wyoming,2019,16.104871768360113,0.09940157883926039,1.0607851829543573,0.00299716504820514,0.1358060189717116,0.03344764439435246
20,Kansas,2018,16.644363623143054,-0.09448555575919589,-1.0117657128821465,0.002863903245710197,0.14167751404447257,-0.021973702297559138
20,Kansas,2022,16.66531670359116,0.09463283353955576,1.013041793762024,0.0028590950027841183,0.14116739374859194,0.12482608347487166
36,New York,2021,17.424400890217836,0.09487773435412306,1.015196800294327,0.0028525862508706947,0.14037766290473166,-0.02926159528295886
33,New Hampshire,2023,15.548240989462235,-0.09762477231528224,-1.0395382096979544,0.0027854204240259565,0.13200201750432097,-0.04982466019515876
49,Utah,2022,16.320442330852774,0.09032293406836558,0.9700326963712831,0.0027418349329795767,0.1466977525554556,0.0735529369571268
35,New Mexico,2019,15.348870966861268,-0.09352528084907276,-0.9975255519026074,0.002628871906106686,0.1348537179363997,-0.00391946775595339
17,Illinois,2017,17.80792559958798,-0.09044237204906268,-0.9680660131192558,0.002606391242661988,0.14095976819133718,-0.0775831361458316
39,Ohio,2015,17.972445743168873,-0.08961929537041737,-0.9592371216847537,0.0025583497176437744,0.1409258377391948,
37,North Carolina,2016,17.782282534755055,0.09194540778816912,0.9805005644195676,0.0025332074777593924,0.13454607389655393,-0.009700976849342222
45,South Carolina,2015,17.072762131716093,-0.08337311481435285,-0.8995362013283843,0.002506830547550783,0.1545375496947335,
55,Wisconsin,2015,17.03028666063657,-0.09241117818493762,-0.9842416694138082,0.0025054059088126784,0.1323889369405174,
26,Michigan,2016,17.364836639807805,0.08826007788285573,0.9429306175494099,0.0024068740389247825,0.13771923372914938,-0.06184623966205061
47,Tennessee,2022,17.830333407120822,0.08782051588024908,0.9370732924319404,0.002334365530396391,0.13558079067221498,0.06688086793182682
44,Rhode Island,2020,14.606893072850285,-0.08334672183231576,-0.8946060709041375,0.0023140928390649107,0.1457343853990014,-0.17429081613384104
19,Iowa,2023,17.41503370012832,-0.08797770333302568,-0.93774825160733,0.0023009307409063255,0.13373199040128017,-0.04293026966651363
45,South Carolina,2023,17.273686588017608,0.08856365689948018,0.9425873528954763,0.0022729752521719283,0.13114475584309246,0.08755978943061406
45,South Carolina,2022,17.248411571022633,0.08755978943061406,0.9321394133269512,0.002231461568413795,0.1315851609679756,0.01371230249397596
17,Illinois,2020,17.71336935487371,0.08555420460538415,0.9119737455239333,0.002178232982206916,0.13384103186800278,-0.0406291800779993
37,North Carolina,2020,17.925351137055898,-0.08627619893056881,-0.9184645431394982,0.002166107167748554,0.13156608095624422,0.004954465381430107
39,Ohio,2017,18.00692305978983,-0.0854688037601033,-0.9104903556281595,0.002150752226683809,0.13275039016722143,-0.05873043923395653
32,Nevada,2019,16.248324722550777,0.08488230802448893,0.9041308367286947,0.002116867731328522,0.13253620440887776,0.1753021783223438
48,Texas,2016,18.964843847295995,-0.08042908711149158,-0.85962423004124,0.002012424331383777,0.13843401611654893,-0.15534825396764002
48,Texas,2022,19.04112492039658,0.08265333496890086,0.8803522981143425,0.002005731296284518,0.13246437007107012,0.041128906912088495
40,Oklahoma,2021,17.45839079462786,0.08281319057306494,0.8811571085888125,0.001978534475925123,0.1306955598423115,-0.02105154014453214
54,West Virginia,2019,16.563017439883332,0.07980674000996983,0.8523075646570343,0.00195603755116371,0.13708897555014024,-0.10561967907884053
56,Wyoming,2017,16.022429112123987,0.08055290102428339,0.858050488683667,0.0019077510043484997,0.13260633245160333,0.03629792133155419
19,Iowa,2018,17.40339315665133,0.08079414810936325,0.8598389215114425,0.0018894924623013992,0.1310292180915771,0.026096846625726026
26,Michigan,2018,17.357224393817667,0.07995686856709437,0.8514995093102609,0.0018720111622371933,0.1321946725689443,-0.06411039085711018
36,New York,2022,17.474987438897525,0.07819273735011902,0.8348452437037663,0.0018693194758103565,0.1366230666899377,0.09487773435412306
27,Minnesota,2017,15.858090569173791,-0.07967228578563389,-0.8484966840757372,0.0018597537038974024,0.13225160839444933,-0.051659166040315584
26,Michigan,2023,17.430450490697076,-0.07688336835345115,-0.8221365547971795,0.0018539664439032421,0.13929079333584657,0.04046147598141876
08,Colorado,2018,16.589817817151502,-0.07968007841716036,-0.8481364686989121,0.0018435021207818731,0.13134446323356846,0.0015047138746319456
17,Illinois,2016,17.809108720807792,-0.0775831361458316,-0.8284122844956915,0.0018430816375141284,0.13678065730433298,0.006692930782078179
30,Montana,2022,14.94973473453575,-0.07643388242362203,-0.8172285136018975,0.0018286286329589172,0.1390768626092872,-0.044935826227424945
44,Rhode Island,2016,14.565773491707118,0.07391250922350663,0.7929956492133926,0.001807332960414629,0.14498478089925063,
49,Utah,2021,16.322174450599473,0.0735529369571268,0.7887551282251689,0.001776095649339971,0.1441548231962101,0.04364935498901792
49,Utah,2015,15.980583609376303,-0.06951212785230876,-0.7505669668938496,0.0017627871944084757,0.1558457054589299,
50,Vermont,2017,15.424539682746481,-0.07647225668406323,-0.8157204692738691,0.0017604885529752933,0.13502281252561818,-0.06675586570086457
24,Maryland,2018,17.005278829267272,-0.07625296209262528,-0.8122030576006924,0.0017079172430669266,0.13251143401832893,0.013632964174475652
36,New York,2023,17.4850508826142,0.07287989639204355,0.7798314366616097,0.0016836054189623827,0.14040559924633092,0.07819273735011902
39,Ohio,2023,18.04385843030875,0.07436495560968252,0.7934437323947374,0.001671917089581126,0.13546229244943325,0.10858293765051633
46,South Dakota,2021,15.858537471477076,0.07322860128975056,0.782299266016503,0.0016553964167865388,0.13762691376231698,0.054164706108785744
35,New Mexico,2020,15.337530782788262,0.07331876323061239,0.7824623148605192,0.0016315139255752603,0.1358622801558773,-0.09352528084907276
27,Minnesota,2021,15.953453594827232,0.07362265774392018,0.7835820078121121,0.0015711786383724668,0.13117235031438723,0.03810220018293611
55,Wisconsin,2019,17.068061409373858,0.07248516928700527,0.7722829968294103,0.0015505637216609522,0.13298835512070098,0.05176431822557725
24,Maryland,2016,16.98385622907804,-0.07276806259005694,-0.7745049812272528,0.001535550921224576,0.13121411626029703,-0.01864114963622113
05,Arkansas,2021,17.272383317917182,0.07242462433656101,0.7708101655817491,0.0015197489470678888,0.1311252088127937,0.0013269151047136847
19,Iowa,2015,17.470388762884284,-0.07135926646389995,-0.7607485308522028,0.0015183260138887692,0.13403952227522117,
48,Texas,2023,19.057463412731405,0.07125312427465401,0.7586381894792803,0.001480903167287134,0.13180359464101837,0.08265333496890086
53,Washington,2019,16.62045868860888,-0.07058062122502236,-0.751594238221281,0.0014569426156584963,0.1320721369305482,-0.013221937916824317
36,New York,2017,17.495149999450277,-0.0687215288417776,-0.7333072491907633,0.001430288377233012,0.13564284655506428,-0.01231020854676449
15,Hawaii,2022,15.465761740474827,0.06714387142863977,0.7167888725674529,0.001375475755089834,0.13640561603917511,0.15747249930771606
38,North Dakota,2023,12.86239002153198,0.0615224171485115,0.6640866183766383,0.0013743664118463308,0.15531091206895492,-0.1963766974413676
39,Ohio,2021,18.03147652737973,0.0689989524152971,0.7339262777103199,0.0013656361283228382,0.1301193289698566,-0.03959963377264685
50,Vermont,2019,15.433680470779436,0.06822904075506726,0.7265634462100525,0.0013618154220843605,0.132097371077332,0.0010756080185320225
50,Vermont,2016,15.450882341578984,-0.06675586570086457,-0.7122853650003489,0.0013481498444621687,0.13552908905021183,-0.1070053715274438
47,Tennessee,2021,17.789925031164735,0.06688086793182682,0.7121759795683344,0.0013075557259064527,0.13202199611636717,0.00864024146955849
26,Michigan,2017,17.39414701579054,-0.06411039085711018,-0.6846412639625498,0.0012612109837080337,0.13700104611747516,0.08826007788285573
36,New York,2019,17.546502455178093,-0.06486943022249692,-0.6904313308141691,0.001220144068184576,0.13120213124292093,0.02934612570507764
41,Oregon,2023,16.921848548963002,0.05490872103283891,0.5964148253449151,0.0011983627775753146,0.16580927445285895,0.10573007880871953
29,Missouri,2021,18.2007314824082,0.06329545149878893,0.6740667902532225,0.0011732019662637502,0.13220188150214132,0.01841364281243396
21,Kentucky,2015,17.77298691787073,0.06070684135008262,0.6495834517744481,0.0011683429268756075,0.14042271632602069,
15,Hawaii,2016,15.535771906026852,-0.06013032131295925,-0.643792818010603,0.0011572192373005157,0.14143267556338182,-0.17571571896641092
33,New Hampshire,2015,15.467643759670493,0.061664726052125036,0.6581812965862155,0.0011567614338148652,0.13610273104722181,
29,Missouri,2023,18.210128241253184,0.06089172814477604,0.6508105541123574,0.0011535135066307704,0.1384371048492397,0.057147706285122
13,Georgia,2023,17.96189767960827,0.0627731150066834,0.6684819820089976,0.0011532630776375128,0.132144319352583,-4.171335146557543e-4
26,Michigan,2015,17.358596886962015,-0.06184623966205061,-0.6596424712335904,0.001149590270803454,0.1348549247889565,
39,Ohio,2016,17.98675286337578,-0.05873043923395653,-0.627169317651174,0.0010578888948579522,0.136949015566973,-0.08961929537041737
27,Minnesota,2019,15.955524076120552,-0.05932275707601087,-0.6320455964507959,0.001038556171527256,0.13298742558044951,-0.0210160633881149
35,New Mexico,2017,15.260759298367539,0.05882865637300921,0.6270889135466089,0.0010298789573412364,0.13383790364671921,0.11032075072688613
04,Arizona,2021,16.30512283872193,-0.055998925357205874,-0.5998483724882504,0.0010114767168015566,0.14225937942124342,-0.10349035205995465
25,Massachusetts,2021,16.374178817613625,-0.04097178703836003,-0.45947154147094177,9.94077745870262e-4,0.2174138810300538,
09,Connecticut,2023,16.156739848671112,0.05666598209153471,0.6053098995453713,9.898656622423154e-4,0.13748064662638634,0.04964544041940899
45,South Carolina,2016,17.103523443742496,0.054848918870970785,0.5881478005348586,9.867905921336557e-4,0.1440611270316316,-0.08337311481435285
54,West Virginia,2022,16.402500174198845,0.052067713380687906,0.5620188083419103,9.84099320857228e-4,0.15527592229750772,0.0491864572427253
13,Georgia,2018,17.849501293648615,-0.05805440451254153,-0.6180369045382976,9.810771494647523e-4,0.13159744236525228,-0.010449321211705618
19,Iowa,2020,17.436107166587682,0.058232509637027474,0.6196366886003133,9.790012806101033e-4,0.1307667560937242,0.11252070704052365
40,Oklahoma,2015,17.51769202710305,-0.05412400954509601,-0.5807946780286256,9.719446605134298e-4,0.145298965781472,
33,New Hampshire,2021,15.496305603774697,-0.057454228207332314,-0.6119240819379062,9.683763029392973e-4,0.13238218262053147,0.0482171590410149
48,Texas,2017,18.960146655252412,-0.0570397620557556,-0.6076657676513977,9.586510267825094e-4,0.13282763495481031,-0.08042908711149158
54,West Virginia,2017,16.467153497539233,-0.05638823261809496,-0.6012937329022667,9.520435963236564e-4,0.13446791335580643,0.03079560277598692
28,Mississippi,2022,14.403050928662527,-0.05691211963608213,-0.6061596290113961,9.504390214444166e-4,0.1324089433468338,-0.31981242069306876
29,Missouri,2022,18.20336428551442,0.057147706285122,0.608137281120243,9.440376876444331e-4,0.13089166778325842,0.06329545149878893
23,Maine,2017,15.242458875022518,0.054656223865971604,0.582298533356352,8.808632523212805e-4,0.13290353362643112,0.01948125237462292
40,Oklahoma,2022,17.44716075959136,0.05472612226873355,0.5829414601926698,8.804910392700872e-4,0.13260078311100335,0.08281319057306494
16,Idaho,2023,15.553408310676824,-0.0514987991423215,-0.5520410706222967,8.653465642395244e-4,0.14349286066295727,-0.0018809482339934818
46,South Dakota,2020,15.840787393535324,0.054164706108785744,0.5767449319556666,8.569983735790928e-4,0.13194994260386403,0.020200419461138572
50,Vermont,2021,15.43305532937137,0.05392853194645624,0.574123052344159,8.468237194195554e-4,0.1316260483028437,0.047195866608802144
55,Wisconsin,2020,17.091720444008715,-0.053342039906704004,-0.5676175626333178,8.219468127463827e-4,0.13082514695385727,0.07248516928700527
27,Minnesota,2016,15.860508566631013,-0.051659166040315584,-0.5516008532436361,8.171035259135675e-4,0.13677405492815906,0.023768684284506385
19,Iowa,2016,17.506069788824288,-0.05034494872735548,-0.53919589564828,8.153897765865425e-4,0.14197841725708443,-0.07135926646389995
55,Wisconsin,2018,17.033315178922418,0.05176431822557725,0.5524730174736753,8.142559578194774e-4,0.13599070546026948,0.004863891455058028
18,Indiana,2015,17.665103076831652,0.052380150707264296,0.5581221089935632,8.108186418803552e-4,0.13312875770315186,
54,West Virginia,2021,16.419566065328763,0.0491864572427253,0.5277863726898175,8.021152231934823e-4,0.1452200985465765,-0.02918252625852974
06,California,2021,17.510964002357014,-0.050003548206136866,-0.5349949773399447,7.912423737600718e-4,0.14023096953965972,-0.003666902920946108
40,Oklahoma,2016,17.48347418130951,-0.05165486206613843,-0.5502192817909771,7.84261971699202e-4,0.13257813948643907,-0.05412400954509601
16,Idaho,2017,15.265883349957909,-0.04918981837999259,-0.5268338258325721,7.786255957991275e-4,0.14200906958286463,0.11126646128725665
28,Mississippi,2015,14.50601687950248,-0.04865243536581199,-0.5215376347450984,7.725260121218919e-4,0.1435196087084302,
33,New Hampshire,2022,15.504331932835077,-0.04982466019515876,-0.5325055963692852,7.718342708969692e-4,0.13837180852593742,-0.057454228207332314
05,Arkansas,2019,17.252918089592043,-0.04963317029775169,-0.5303142326138919,7.624750604879546e-4,0.13790122302578375,0.004041330733224731
34,New Jersey,2016,16.674930393416055,-0.050017140089283416,-0.5336077257306816,7.550372751860849e-4,0.1352848743165427,-0.047258782356691786
23,Maine,2022,15.364748982791367,-0.049615378400199035,-0.5297011259265048,7.519131401422061e-4,0.13652377221824993,0.027296366058994617
30,Montana,2019,14.830368513352509,0.04985278160419455,0.531638309256054,7.449761660231266e-4,0.13458221450844482,0.03235656255045784
27,Minnesota,2023,15.940989566410382,0.05040843150198064,0.536240983695038,7.302476239850861e-4,0.13030710079925745,0.025768298576731914
08,Colorado,2020,16.616340845464364,0.04987621400364172,0.5312319414126415,7.302074508819959e-4,0.13244271440488392,0.009262884628734324
41,Oregon,2017,16.8484878721408,-0.04225758244607826,-0.45980466683930776,7.273525056003775e-4,0.16873000064349178,0.025051482109756343
17,Illinois,2018,17.748678738484607,-0.04954464961388488,-0.5278715911622479,7.245303875910028e-4,0.13300517582476373,-0.09044237204906268
09,Connecticut,2022,16.107670923692194,0.04964544041940899,0.5286169304322882,7.197940137011876e-4,0.13192717580961003,0.114390662321987
33,New Hampshire,2020,15.436885234177108,0.0482171590410149,0.5145705919863799,7.05473813062509e-4,0.1358425600943095,-0.029917843148008064
34,New Jersey,2015,16.741967797619004,-0.047258782356691786,-0.5048805158065469,6.898192866183053e-4,0.1376821115805697,
46,South Dakota,2022,15.913968035604322,-0.045616617757391495,-0.48946621244719507,6.89583518212434e-4,0.14516895037951638,0.07322860128975056
55,Wisconsin,2022,17.066505630219243,0.04853865563068619,0.5167712303169013,6.866686589269899e-4,0.13172280667176114,-0.027521019722577995
29,Missouri,2019,18.167517911773423,-0.04794226060497995,-0.5105425631365759,6.726262950780184e-4,0.13213400960547117,-0.03921415275499186
23,Maine,2020,15.313086944176229,0.04785619624623225,0.50943297951163,6.658661382395012e-4,0.1314760444946231,0.02293747941404548
20,Kansas,2016,16.689573578100138,-0.046749398206835255,-0.4989947531883971,6.651346817064644e-4,0.13614738363969336,0.006216482490805304
50,Vermont,2020,15.422725969432303,0.047195866608802144,0.502739741459553,6.550839793992952e-4,0.1326366707113152,0.06822904075506726
51,Virginia,2022,17.790766783656906,-0.047359871108195464,-0.5038784658435984,6.460978896999686e-4,0.13054123768586115,0.04466755763438555
34,New Jersey,2018,16.64848128167488,0.04622773358743423,0.4929423711424869,6.397446529127027e-4,0.1344493919719575,0.004508962105397631
29,Missouri,2015,18.120969643815183,-0.04560008515123627,-0.4870350885069435,6.395235445918734e-4,0.13723927472017758,
50,Vermont,2022,15.4552664378768,0.04664307365770397,0.4966247007397465,6.348500461420155e-4,0.13184503708081585,0.05392853194645624
34,New Jersey,2023,16.69754695794573,0.04648712387908561,0.4949799797643494,6.309560388093858e-4,0.13190021262559815,0.02706739254679065
41,Oregon,2015,16.76054622224284,-0.03813460443119181,-0.4165260551815745,6.239245697441971e-4,0.1750384505837379,
29,Missouri,2016,18.13763337734738,-0.045456700367051656,-0.4847110090257262,6.183759683965742e-4,0.13441522316355128,-0.04560008515123627
42,Pennsylvania,2021,18.391742772512718,-0.039340869313649544,-0.4270424165330614,6.095995013694903e-4,0.1647327790543838,0.00955886100088776
32,Nevada,2015,15.948087685752304,0.03875967859606111,0.42158553358429796,6.08739679253918e-4,0.168105034109292,
30,Montana,2021,14.921702886316039,-0.044935826227424945,-0.4786587294866495,5.937068066612836e-4,0.13261270367296654,-0.011375106527658134
49,Utah,2020,16.28146046535363,0.04364935498901792,0.4661762583221543,5.854793760335598e-4,0.13715076322134234,-0.020554616841842233
21,Kentucky,2016,17.771524073274833,-0.04399050988241327,-0.46906756571476393,5.789354547342953e-4,0.13438107027779636,0.06070684135008262
51,Virginia,2021,17.772706709757824,0.04466755763438555,0.47529023344392635,5.759056421974798e-4,0.13074700785598364,0.028906206312692067
30,Montana,2016,14.801087270448338,0.04404270469709389,0.4686980056589803,5.610754742916808e-4,0.13095690406935143,0.020009809546000408
04,Arizona,2019,16.246565984820325,-0.042292637620951784,-0.4520531495034764,5.570616025187536e-4,0.1385499401721686,0.13649675551859966
01,Alabama,2021,17.55248997257643,0.04265440277024357,0.4548461070175211,5.448142574828776e-4,0.1344775663118453,-0.0387100120677925
19,Iowa,2022,17.410927656839167,-0.04293026966651363,-0.45740758461651665,5.44164601785791e-4,0.13303798150961177,-0.02503202322184627
17,Illinois,2021,17.715663534969593,0.041428830664372085,0.4432170437469581,5.424280142727267e-4,0.14009196427773674,0.08555420460538415
08,Colorado,2023,16.61189762442615,-0.0427263541076098,-0.4551215081488565,5.367211627527387e-4,0.13260580144603992,0.017941322564294017
45,South Carolina,2019,17.229858179829083,-0.040178912590571825,-0.43065604317777983,5.259249411827547e-4,0.14332749637256115,-0.03321759594470013
42,Pennsylvania,2019,18.332270079934993,0.0423667255159663,0.4511741171282309,5.253957473441997e-4,0.13215731791680105,-0.01023660107080913
53,Washington,2020,16.578753769735656,-0.04194778391915047,-0.4471910882362827,5.245298086845588e-4,0.13401309307238257,-0.07058062122502236
51,Virginia,2023,17.809342160907665,-0.042587884361964104,-0.4530230342272909,5.207673105236405e-4,0.130216579341,-0.047359871108195464
47,Tennessee,2016,17.634140739453667,-0.041282079387848045,-0.4397756177043385,5.017992075319345e-4,0.13275781160996655,-0.11647282826657633
48,Texas,2021,19.02140572321267,0.041128906912088495,0.43824286750347163,5.000036701398019e-4,0.1331495411226276,0.027900196066006334
18,Indiana,2021,17.813079006452504,-0.040572077417351526,-0.4329871654178841,4.995814314014158e-4,0.1358602031638289,-0.015333372276302808
26,Michigan,2022,17.391357843261954,0.04046147598141876,0.4319306144569954,4.99244715292586e-4,0.13635546343276264,0.04004045286900006
17,Illinois,2019,17.76415472207288,-0.0406291800779993,-0.4331846717374984,4.930479711983298e-4,0.134216077719102,-0.04954464961388488
42,Pennsylvania,2022,18.29029580527745,0.040460231146930384,0.4315682116208248,4.925007652545254e-4,0.13495761982830454,-0.039340869313649544
26,Michigan,2020,17.34695987501317,-0.04102080165879589,-0.4367558842194603,4.90899889539435e-4,0.1318189159302957,-0.0048580747689613004
23,Maine,2018,15.252417890923164,-0.040662640985831305,-0.432698265433705,4.7769847585853056e-4,0.13083862648532013,0.054656223865971604
26,Michigan,2021,17.358989043551382,0.04004045286900006,0.42684540282575917,4.7768177192925645e-4,0.13396327950715484,-0.04102080165879589
39,Ohio,2020,18.05681327227952,-0.03959963377264685,-0.4220134829815643,4.6473836203432095e-4,0.13341883045576025,0.009755829855765986
30,Montana,2023,14.906553157578358,-0.03673056984255391,-0.3949643851887903,4.622956434727615e-4,0.14882468160793239,-0.07643388242362203
05,Arkansas,2017,17.206725651315033,0.03954109055293928,0.4212289938816775,4.603675011928078e-4,0.1327579356192404,0.016361401310551724
09,Connecticut,2020,16.108012252600112,0.03964220059975231,0.4220714687918345,4.583429757435065e-4,0.13179340559370623,0.007683977092280994
53,Washington,2016,16.517724208519343,0.038626373370132125,0.4119742340886727,4.4825965728580153e-4,0.13481830930399027,-0.020078025284831245
29,Missouri,2018,18.123022580064802,-0.03921415275499186,-0.41733064874897197,4.451181928352521e-4,0.1310302197264416,-0.021535329862860983
01,Alabama,2020,17.560448662480617,-0.0387100120677925,-0.41226226748404365,4.3915146371420325e-4,0.13228121375696456,-0.017758550925701985
42,Pennsylvania,2016,18.314009088863305,-0.03719871533064195,-0.39745174627668844,4.2821147043686845e-4,0.13788217179001266,-0.018306013248189954
27,Minnesota,2020,15.92684227128121,0.03810220018293611,0.4055432697296745,4.210631217911262e-4,0.1312290832252273,-0.05932275707601087
23,Maine,2015,15.244532548882704,0.036545551095968846,0.39051305476435183,4.140060848798067e-4,0.13805912006894028,
16,Idaho,2018,15.305427462788705,0.03613939867061873,0.3862780708230173,4.0667131582390945e-4,0.13852773820849304,-0.04918981837999259
13,Georgia,2015,17.724229847435225,-0.0354371123592365,-0.3792465442399435,3.99100895697723e-4,0.14068389983911636,
56,Wyoming,2016,16.076785187803225,0.03629792133155419,0.3872632970557278,3.9797161293308835e-4,0.13536981158486697,0.5273200029143225
40,Oklahoma,2017,17.429767122829766,-0.036308671458836685,-0.3871616065730582,3.9448092200637403e-4,0.1344030614602228,-0.05165486206613843
01,Alabama,2022,17.554559483145134,0.036008225174128605,0.3835008281547446,3.802034683855046e-4,0.132338392463052,0.04265440277024357
48,Texas,2019,19.031583685219257,0.03620030079164737,0.3851892046167678,3.781891034402014e-4,0.13072796940944056,0.03368124012159033
12,Florida,2023,18.334242950948962,0.03514449861585434,0.3752047382388459,3.7721537956635575e-4,0.13650935408116646,0.025363419589991748
20,Kansas,2020,16.65937491607143,0.0353340991908802,0.3768269105952585,3.745465808614705e-4,0.13466595612934548,-0.12168378031513766
12,Florida,2018,18.192379992622225,-0.03566479450432251,-0.37965728154333866,3.6986552957809203e-4,0.13148855381199792,0.004863777592421807
12,Florida,2019,18.24924825900113,-0.035591684483090746,-0.3787126344473619,3.655695679016268e-4,0.1307252611358174,-0.03566479450432251
53,Washington,2022,16.596093117761036,0.03482615962594834,0.37135772453465454,3.629944839544576e-4,0.13442279571432572,0.01620383560234819
01,Alabama,2018,17.45494064810519,-0.031218539094434804,-0.3365672073118137,3.4745478613578394e-4,0.15323847702596258,0.02710818160254089
46,South Dakota,2015,15.73353032301062,-0.03398501970911921,-0.36246461426674415,3.4689784755871926e-4,0.13478630616002768,
46,South Dakota,2017,15.712044695782007,-0.03400559770147078,-0.36244310799075513,3.434381395011836e-4,0.13363540620749145,-0.02997757717430008
50,Vermont,2023,15.510458627190062,0.033161372925810555,0.35391999610916086,3.3406554703571244e-4,0.13595896970610052,0.04664307365770397
48,Texas,2018,18.963612868134767,0.03368124012159033,0.3585576638157469,3.3011574176802707e-4,0.13156425682527342,-0.0570397620557556
56,Wyoming,2018,16.015297928429174,0.03344764439435246,0.3562266184239102,3.2800418173210274e-4,0.1323233708238174,0.08055290102428339
49,Utah,2017,16.082881410695652,0.03220973124236902,0.34406709374781974,3.198283050405889e-4,0.13748335314476876,-0.1611749991610086
45,South Carolina,2018,17.162914158581497,-0.03321759594470013,-0.35347209726039497,3.1875247294217484e-4,0.13082808535998142,0.009149796897141078
56,Wyoming,2020,16.10595214794759,-0.03285386292000858,-0.349557947231409,3.111375359981007e-4,0.13061111647901474,0.09940157883926039
34,New Jersey,2020,16.698670090683112,-0.03245303121510602,-0.34573113845431114,3.10277445063058e-4,0.1328123099008912,-0.010490060519654624
30,Montana,2018,14.798384675142875,0.03235656255045784,0.3446200524015658,3.0716355421525664e-4,0.13239263807390794,0.02321352662351271
25,Massachusetts,2022,16.342449497412563,0.022506231477284273,0.2527479472841904,3.046997389216402e-4,0.21961331610562676,-0.04097178703836003
08,Colorado,2015,16.485549434973795,0.0313223359418926,0.33397320040427386,2.9329233500656075e-4,0.13430559327046498,
06,California,2017,17.47017806012416,0.026683685533259487,0.2901743233932654,2.876590904888927e-4,0.16775110220348974,-0.017853100990119945
54,West Virginia,2020,16.45476287696481,-0.02918252625852974,-0.3130353838195852,2.808967295412732e-4,0.14466061389913185,0.07980674000996983
54,West Virginia,2016,16.444974492454147,0.03079560277598692,0.3280651893637872,2.792646568889609e-4,0.13276523433756146,-0.02144670486377885
36,New York,2018,17.470031344549586,0.02934612570507764,0.3142275230487694,2.760508580722912e-4,0.1415941575421202,-0.0687215288417776
41,Oregon,2016,16.80107996190226,0.025051482109756343,0.2734625019001859,2.6710409816701515e-4,0.1740555370066674,-0.03813460443119181
33,New Hampshire,2019,15.537367535058126,-0.029917843148008064,-0.3187049277888529,2.6343787225513297e-4,0.13271353923500454,-0.0038188123128644206
36,New York,2020,17.447548908307756,-0.02926159528295886,-0.31238827367778965,2.613566517748949e-4,0.1364527326435199,-0.06486943022249692
46,South Dakota,2016,15.769736787412707,-0.02997757717430008,-0.31891599979140567,2.584967152947911e-4,0.13039905067060256,-0.03398501970911921
06,California,2023,17.512211361260853,0.028992623940073195,0.30929805566716084,2.535582066619668e-4,0.13523077286835908,-0.004993288598096633
51,Virginia,2020,17.758781279899477,0.028906206312692067,0.3081546781901161,2.4901479088590276e-4,0.1339873668754195,0.00566283140346166
01,Alabama,2015,17.408303054787417,-0.02890953288389137,-0.30812644615896506,2.4820117965842435e-4,0.13362929093463677,
53,Washington,2017,16.546914110322444,0.02860638767475231,0.30484226593069597,2.4230445383160382e-4,0.133327054866959,0.038626373370132125
05,Arkansas,2022,17.30367615937464,-0.028699311624235214,-0.3056046607035326,2.4079754112495938e-4,0.132034275946191,0.07242462433656101
53,Washington,2023,16.56053366813141,0.02756561207264757,0.2946623413164083,2.3694037060489485e-4,0.1386779380848012,0.03482615962594834
05,Arkansas,2015,17.168293795804594,-0.02774721714373034,-0.29628689315984524,2.358730098837568e-4,0.1368355455751429,
24,Maryland,2019,17.0335355269621,0.028466022903348116,0.3029813117761866,2.350355178379827e-4,0.13123669736333868,-0.07625296209262528
34,New Jersey,2022,16.66764162271552,0.02706739254679065,0.289775066259757,2.341572584309693e-4,0.14128237459093154,0.01592780206202773
47,Tennessee,2018,17.65227811866347,-0.02788531419056117,-0.2969778877164091,2.2787125626023234e-4,0.13227438426731053,0.003702912921154226
48,Texas,2020,19.02935737695791,0.027900196066006334,0.2970722240127706,2.2727174530735487e-4,0.13189955819471327,0.03620030079164737
55,Wisconsin,2021,17.089522569588027,-0.027521019722577995,-0.29320049768748546,2.2328412433370257e-4,0.13288000920096424,-0.053342039906704004
05,Arkansas,2023,17.339633782403027,-0.027615662972273223,-0.294068718818392,2.2299925223188792e-4,0.13205371094340554,-0.028699311624235214
55,Wisconsin,2016,17.049383697318117,-0.027069895719912133,-0.2888676614545071,2.2209162638940478e-4,0.13571917817273435,-0.09241117818493762
01,Alabama,2017,17.415406426757585,0.02710818160254089,0.2887971066374729,2.1656972945042384e-4,0.13284914045022583,0.018843520421703
23,Maine,2021,15.335776700621292,0.027296366058994617,0.2904697928730502,2.1532076020903528e-4,0.13086492033319416,0.04785619624623225
19,Iowa,2017,17.445253311374284,0.026096846625726026,0.2782082721675078,2.029983225905755e-4,0.13400466980894343,-0.05034494872735548
20,Kansas,2023,16.7201511439422,0.02388293788261427,0.25738326004925666,2.021786539472021e-4,0.15258828183622403,0.09463283353955576
12,Florida,2016,18.095741798619574,0.02518429164674332,0.26901336150129956,1.954361011125576e-4,0.13743597836147614,0.008592069574339632
12,Florida,2022,18.30210494264019,0.025363419589991748,0.27062769678041915,1.9461321908214725e-4,0.13552847664608564,-0.010582166969563976
27,Minnesota,2022,15.935673542336211,0.025768298576731914,0.27425102515379585,1.9239502554694305e-4,0.13113054369848154,0.07362265774392018
19,Iowa,2021,17.412888219044106,-0.02503202322184627,-0.26681876242534014,1.8632236393449037e-4,0.13375899692981322,0.058232509637027474
35,New Mexico,2022,15.410117926299437,-0.023910284217492875,-0.256254954471028,1.8594358674914733e-4,0.14315059949934447,-0.11206674050274047
33,New Hampshire,2017,15.437179947439171,0.02506430770289987,0.26707985663334183,1.858198132837028e-4,0.13322032296972375,0.10369412338260613
54,West Virginia,2015,16.54500746393026,-0.02144670486377885,-0.23195555402531645,1.7192132697829991e-4,0.1586219831450574,
27,Minnesota,2015,15.843298211870067,0.023768684284506385,0.2535472116492186,1.7018006963472594e-4,0.135087510836793,
40,Oklahoma,2023,17.468641113796238,0.023170116075110443,0.2471746075512012,1.6185404260301737e-4,0.13517492289092936,0.05472612226873355
38,North Dakota,2020,12.903681245170675,0.022667248307697244,0.2422902367003392,1.6009390084405182e-4,0.13859906728403132,-0.17650366394102995
30,Montana,2017,14.781838224954509,0.02321352662351271,0.24721348375593666,1.5780484638022849e-4,0.1322042872511248,0.04404270469709389
20,Kansas,2017,16.628649368074548,-0.021973702297559138,-0.2352716047168271,1.546164742972172e-4,0.14148674430658836,-0.046749398206835255
23,Maine,2019,15.296650475326503,0.02293747941404548,0.24409042443754583,1.5209732710958328e-4,0.1309005794190165,-0.040662640985831305
55,Wisconsin,2023,17.110634231751572,0.022692098935805257,0.24146696739114656,1.48730294861754e-4,0.13081255793897711,0.04853865563068619
42,Pennsylvania,2017,18.28765842102345,0.0220907622216345,0.23542536139242298,1.446682049792624e-4,0.13344831221631825,-0.03719871533064195
17,Illinois,2022,17.719689962591456,0.02174650596995248,0.23172097125164906,1.3982883880171563e-4,0.13318212523360753,0.041428830664372085
46,South Dakota,2019,15.732611913021849,0.020200419461138572,0.21710855626668246,1.3876425538506817e-4,0.147986534757455,-0.00504953714088074
13,Georgia,2016,17.779186637577723,0.021597387554289218,0.2301360487992786,1.3795872717800405e-4,0.1332123794448225,-0.0354371123592365
53,Washington,2015,16.48883054785632,-0.020078025284831245,-0.21585306378076122,1.37679211652569e-4,0.14845986741513212,
29,Missouri,2017,18.14918639503685,-0.021535329862860983,-0.22940271733084908,1.364347234208456e-4,0.13266773462562664,-0.045456700367051656
18,Indiana,2018,17.712330440696373,0.021185194373593657,0.22570793742489864,1.323840754796523e-4,0.13293670130085242,-0.0024090535545303613
27,Minnesota,2018,15.879044808927627,-0.0210160633881149,-0.22390051481266066,1.3022426498145878e-4,0.1328941485938978,-0.07967228578563389
40,Oklahoma,2020,17.48201199429541,-0.02105154014453214,-0.22409512276646146,1.2884640314669656e-4,0.1314746440472621,-0.012147435187136985
09,Connecticut,2018,16.089916802318147,-0.02101139555059836,-0.22367536323284862,1.2843036120788624e-4,0.13153352823236816,0.007521315284608429
31,Nebraska,2018,15.757592622202871,0.01236298726655348,0.1433241291895294,1.2727720378493635e-4,0.2677021109730912,-0.01032170443903341
49,Utah,2019,16.21561130893629,-0.020554616841842233,-0.21923276919921109,1.2698378402836328e-4,0.13485800500017786,-5.598240923447981e-4
21,Kentucky,2018,17.741820008345595,-0.02030451727873823,-0.21664738216530488,1.2470410632042076e-4,0.1355139122019353,-0.0035757564437633137
13,Georgia,2021,17.909063053349758,0.020594694132796944,0.21935666652959518,1.2452367234899552e-4,0.132461855830781,0.012774235210486914
30,Montana,2015,14.832237633368296,0.020009809546000408,0.21293155289222057,1.157119288640589e-4,0.13086862251319908,
23,Maine,2016,15.233491953283941,0.01948125237462292,0.20755405974253413,1.1194488656773235e-4,0.13293662508416065,0.036545551095968846
16,Idaho,2021,15.51505762541695,-0.018719158931902867,-0.20019099135106927,1.1009618587043868e-4,0.13947564856889402,-0.1053693332798513
51,Virginia,2017,17.727816512088655,0.019519678599943968,0.20770579777315182,1.1002024760101827e-4,0.13078412744579762,0.010283737917617204
06,California,2016,17.446980628567783,-0.017853100990119945,-0.19179290795020415,1.0762429997623198e-4,0.14721059252874952,0.013625437397979046
01,Alabama,2016,17.421007970518936,0.018843520421703,0.20075780781988714,1.0471939761916867e-4,0.13292082103523212,-0.02890953288389137
24,Maryland,2015,16.95651663208785,-0.01864114963622113,-0.19862756395283315,1.0270923859104142e-4,0.13314608571233397,
42,Pennsylvania,2015,18.325818059094917,-0.018306013248189954,-0.19508100975493223,9.926060830142104e-5,0.13336321946246124,
29,Missouri,2020,18.200150917017798,0.01841364281243396,0.19593584593636654,9.789849770654573e-5,0.1307770223603379,-0.04794226060497995
25,Massachusetts,2019,16.398205652991717,0.012559611929423533,0.14136488661302654,9.728328308086694e-5,0.2231290090547355,
01,Alabama,2019,17.549277230392164,-0.017758550925701985,-0.18963904758360914,9.671788417844093e-5,0.13694379179787558,-0.031218539094434804
47,Tennessee,2023,17.87399922659663,0.017352422025182043,0.1856187167183154,9.497476048956354e-5,0.1398855710982023,0.08782051588024908
08,Colorado,2022,16.64247861921939,0.017941322564294017,0.19102694367596154,9.392666066963914e-5,0.1318411114385807,0.004307312553304904
31,Nebraska,2017,15.780277313908458,-0.01032170443903341,-0.11956420855487032,8.804869176246538e-5,0.26653395596229557,-0.008857550272189759
12,Florida,2020,18.25646827839135,-0.017309411062375265,-0.18434755823890184,8.782431348895297e-5,0.13230046242548305,-0.035591684483090746
18,Indiana,2019,17.772582433973174,-0.01743370354777932,-0.18549695855909704,8.766132700352166e-5,0.13066875543835269,0.021185194373593657
32,Nevada,2016,16.04299309380042,0.015352552752127815,0.16597590254602176,8.756665675803529e-5,0.15792518099644504,0.03875967859606111
21,Kentucky,2022,17.78389460562975,0.016889419502263154,0.17967588857596747,8.203702917926393e-5,0.130380228816075,4.977757788268413e-4
05,Arkansas,2016,17.180143830998357,0.016361401310551724,0.1742100587788745,7.815135954132457e-5,0.1318913143144643,-0.02774721714373034
53,Washington,2021,16.614715441784636,0.01620383560234819,0.17260754261468175,7.722725974947109e-5,0.13264741067051766,-0.04194778391915047
04,Arizona,2016,16.042676289223703,0.01460722233785708,0.15753040089769219,7.643198021129593e-5,0.15377454530919693,0.17187477887212207
34,New Jersey,2021,16.67314739548203,0.01592780206202773,0.1695241624960926,7.35465759639358e-5,0.13118352664713384,-0.03245303121510602
32,Nevada,2020,16.24593581379472,-0.014511477529395939,-0.1561328686258169,7.28071060968711e-5,0.14981360471849786,0.08488230802448893
25,Massachusetts,2023,16.31449414490494,0.010615675437706163,0.11959107068393461,7.017784287261803e-5,0.22450800767380702,0.022506231477284273
18,Indiana,2020,17.789750521567573,-0.015333372276302808,-0.16315600085874574,6.7860895463713e-5,0.13074175569048094,-0.01743370354777932
31,Nebraska,2016,15.752986760181717,-0.008857550272189759,-0.10262394716980969,6.496175960038124e-5,0.2668220684796095,0.006816267444669688
40,Oklahoma,2018,17.406431313654327,0.014577089484831265,0.15529006096046996,6.257546382002724e-5,0.13277082343154858,-0.036308671458836685
24,Maryland,2020,17.003817288801198,0.014439712101392605,0.15368957123520824,6.0470298030868636e-5,0.13122396477338785,0.028466022903348116
51,Virginia,2015,17.71123600681673,-0.014161650909017434,-0.15069115751276221,5.790542075358583e-5,0.1307758311723412,
18,Indiana,2023,17.849522745133054,-0.01403204023554018,-0.1494166278351418,5.754036938481745e-5,0.13199276880010366,0.008247882145224764
24,Maryland,2017,16.9923539441363,0.013632964174475652,0.14547174727942894,5.627793161848218e-5,0.1356237245343038,-0.07276806259005694
37,North Carolina,2017,17.81617080052593,0.013919351191580597,0.1481328153414089,5.6071035389059995e-5,0.13100957157847792,0.09194540778816912
37,North Carolina,2022,17.96759382004861,-0.013721814445461389,-0.1461479622614982,5.5248473090526833e-5,0.1324048459517293,0.01332731840077375
45,South Carolina,2021,17.235785459955444,0.01371230249397596,0.1459900741740999,5.4806625034362554e-5,0.13173224292129565,-0.09706484124255735
06,California,2015,17.444720636178822,0.013625437397979046,0.1451610914266372,5.472965703543935e-5,0.13287837427795637,
06,California,2018,17.51799369576042,0.013524983706041672,0.14414893358974507,5.4296383153094935e-5,0.13357655548024697,0.026683685533259487
13,Georgia,2019,17.88241458597224,-0.013381460306117338,-0.14241432767283405,5.185807770546125e-5,0.13108115885943472,-0.05805440451254153
53,Washington,2018,16.582393208235363,-0.013221937916824317,-0.14085591877433176,5.149613073985812e-5,0.13279936436400597,0.02860638767475231
37,North Carolina,2021,17.934144665356907,0.01332731840077375,0.14182356712073557,5.1348264656907016e-5,0.13090290169962754,-0.08627619893056881
49,Utah,2023,16.296649399876344,0.012066610690625201,0.12978898433414462,5.010949204825236e-5,0.14930379293757606,0.09032293406836558
36,New York,2016,17.47327066269764,-0.01231020854676449,-0.13198088886613776,4.957502152817705e-5,0.143774249741084,-0.10013373090736516
13,Georgia,2020,17.885345628757467,0.012774235210486914,0.13606805981322403,4.795698903870363e-5,0.1325648942744004,-0.013381460306117338
38,North Dakota,2017,12.976521421743929,-0.01198212953316806,-0.12825542988424332,4.576199095794204e-5,0.14099426965058476,0.3830910016881877
40,Oklahoma,2019,17.475715452745092,-0.012147435187136985,-0.1292472085129158,4.2541736840056375e-5,0.1306264978970255,0.014577089484831265
39,Ohio,2018,17.993449803384838,0.011715496605862125,0.12464827919087539,3.955278344000436e-5,0.13058247049891086,-0.0854688037601033
31,Nebraska,2015,15.758880996342178,0.006816267444669688,0.07899453169885472,3.856720432522301e-5,0.26721132544859194,
30,Montana,2020,14.888142166616273,-0.011375106527658134,-0.12115742177139023,3.7987095064211346e-5,0.13245809666211789,0.04985278160419455
12,Florida,2021,18.287392540502225,-0.010582166969563976,-0.1128334019227015,3.3483911671000774e-5,0.13432790805365835,-0.017309411062375265
34,New Jersey,2019,16.73835128309887,-0.010490060519654624,-0.1119002563991625,3.314699536833345e-5,0.13508508552101822,0.04622773358743423
13,Georgia,2017,17.798136807423873,-0.010449321211705618,-0.11129958756952127,3.2069196442966786e-5,0.13250174278058047,0.021597387554289218
02,Alaska,2015,13.864029592859213,-0.009298321741656545,-0.1004866688173843,3.1946860921975476e-5,0.1573023121578988,
42,Pennsylvania,2018,18.29852815697743,-0.01023660107080913,-0.10910838441604813,3.113711019008879e-5,0.13368692501390875,0.0220907622216345
51,Virginia,2016,17.717249825474802,0.010283737917617204,0.10945097279443784,3.0649948945885376e-5,0.1311549920471584,-0.014161650909017434
37,North Carolina,2015,17.7412265615113,-0.009700976849342222,-0.10391985063663714,3.0378663334906707e-5,0.14234332797079066,
15,Hawaii,2019,15.558098597975137,0.010084040509144963,0.10735503724210042,2.9610794022644983e-5,0.13163187948605687,-0.17608407209812105
41,Oregon,2021,16.896592420250624,-0.00838854759623035,-0.09140138598369328,2.9210297375018022e-5,0.17101333354322623,-0.09690954747781429
39,Ohio,2019,18.02379076267316,0.009755829855765986,0.10389808146851798,2.7885396221724618e-5,0.13225336035190646,0.011715496605862125
21,Kentucky,2020,17.737062870618033,-0.009529307225614054,-0.10167622018331475,2.7464557950763604e-5,0.13550311305306717,0.00460423158390636
42,Pennsylvania,2020,18.28895424897727,0.00955886100088776,0.10177453715750599,2.6654400501186766e-5,0.13181239202207468,0.0423667255159663
42,Pennsylvania,2023,18.305645046496316,-0.009394380922128397,-0.10007478194846106,2.5972852594941463e-5,0.13270550716897633,0.040460231146930384
08,Colorado,2019,16.615650368698038,0.009262884628734324,0.09861670239923336,2.5000857622201318e-5,0.13169736480101019,-0.07968007841716036
12,Florida,2015,18.042473219163558,0.008592069574339632,0.09224247737789304,2.467235797411214e-5,0.1460878063337492,
45,South Carolina,2017,17.16325788383271,0.009149796897141078,0.09740356267025899,2.4354720331558136e-5,0.13153407040405926,0.054848918870970785
47,Tennessee,2020,17.763866687565596,0.00864024146955849,0.09204877937023374,2.2001063089297375e-5,0.13284795222121612,0.0012432616170152094
01,Alabama,2023,17.591680887969513,-0.00801769499679565,-0.08581167368830554,2.0455434128238197e-5,0.14081659745697883,0.036008225174128605
08,Colorado,2016,16.541686418425588,0.008191648958270601,0.08729622687879796,1.9878409820629267e-5,0.13337486328467607,0.0313223359418926
18,Indiana,2022,17.81641239197792,0.008247882145224764,0.08779686473985707,1.9768940501097894e-5,0.13142676910630097,-0.040572077417351526
37,North Carolina,2018,17.85076961531517,-0.008123244822245235,-0.08646404423784207,1.915275421654321e-5,0.13130453105797057,0.013919351191580597
18,Indiana,2016,17.666165766859883,0.007967019805420743,0.08485104055235958,1.8610057372160557e-5,0.13232514813263638,0.052380150707264296
09,Connecticut,2019,16.15920183803547,0.007683977092280994,0.08185457179289993,1.737649375225354e-5,0.1327070763230674,-0.02101139555059836
09,Connecticut,2017,16.09342817683874,0.007521315284608429,0.08020256386280154,1.6935748601472813e-5,0.13445301740554622,-0.10408424957900946
25,Massachusetts,2017,16.377447601137952,-0.004709731806053613,-0.053686615123382984,1.564535684353483e-5,0.24257459137600246,
17,Illinois,2015,17.807018328851395,0.006692930782078179,0.07144729470840207,1.36589042084168e-5,0.13634428630896456,
37,North Carolina,2023,18.02353794622121,-0.006324307714335841,-0.0675738697263276,1.2381759600955751e-5,0.1379192115713449,-0.013721814445461389
06,California,2019,17.557106274754418,-0.0063098898620537235,-0.06720997747382208,1.1696784908543534e-5,0.13252769223513045,0.013524983706041672
20,Kansas,2015,16.68285871505325,0.006216482490805304,0.06623662918406271,1.1416339334763595e-5,0.1330929283512915,
51,Virginia,2019,17.74948589902193,0.00566283140346166,0.06041299680882984,9.675841688820295e-6,0.1352589690026401,-0.004930605488923402
46,South Dakota,2018,15.695434471043717,-0.00504953714088074,-0.05416419876033578,8.40715492835921e-6,0.14462203679714383,-0.03400559770147078
21,Kentucky,2023,17.837191756101213,-0.005298177384550036,-0.05646727383469142,8.330603023985707e-6,0.13355917196133033,0.016889419502263154
06,California,2022,17.519333631529477,-0.004993288598096633,-0.05331064602368278,7.619379978994173e-6,0.1365742297815656,-0.050003548206136866
37,North Carolina,2019,17.916499790648295,0.004954465381430107,0.05290582525774508,7.5242008135247795e-6,0.1368899532382493,-0.008123244822245235
51,Virginia,2018,17.72241383302784,-0.004930605488923402,-0.052673367797947665,7.504446995132761e-6,0.13762154529745016,0.019519678599943968
12,Florida,2017,18.124126872510622,0.004863777592421807,0.05184482820054107,7.037401997496435e-6,0.13380415197125314,0.02518429164674332
04,Arizona,2017,16.094215616157637,0.004697215383911626,0.050201484615444394,6.858903608898388e-6,0.1383569498140866,0.01460722233785708
26,Michigan,2019,17.387080452872965,-0.0048580747689613004,-0.05170917182046107,6.849446415868995e-6,0.13129406861345821,0.07995686856709437
55,Wisconsin,2017,17.04145106224269,0.004863891455058028,0.051749603264258134,6.816810746123473e-6,0.13057272289340555,-0.027069895719912133
21,Kentucky,2019,17.76407127513969,0.00460423158390636,0.04901470476032314,6.16843628368073e-6,0.1315574393994284,-0.02030451727873823
34,New Jersey,2017,16.655910979678286,0.004508962105397631,0.04800901007927311,5.933842737061831e-6,0.13186507067856482,-0.050017140089283416
24,Maryland,2023,16.98091746608225,0.004278672559454039,0.04570872498970269,5.650975789043652e-6,0.13761846050633075,0.003695271805318961
08,Colorado,2021,16.644416589467184,0.004307312553304904,0.04588701957846693,5.465834217627693e-6,0.1328132486321242,0.04987621400364172
05,Arkansas,2018,17.178765057217525,0.004041330733224731,0.04307049490401577,4.844176721471512e-6,0.13349988471749608,0.03954109055293928
35,New Mexico,2018,15.278045048419743,-0.00391946775595339,-0.04176994407600178,4.553111148826253e-6,0.13342537822212186,0.05882865637300921
33,New Hampshire,2018,15.477557446880672,-0.0038188123128644206,-0.040671312276360436,4.275515715302024e-6,0.13231953550872433,0.02506430770289987
24,Maryland,2022,17.00639841845811,0.003695271805318961,0.03942730523503767,4.128757846810192e-6,0.13547382161830246,0.10314953077491397
06,California,2020,17.51552892983786,-0.003666902920946108,-0.0391063425167469,4.033805489212998e-6,0.13466556325782034,-0.0063098898620537235
47,Tennessee,2017,17.640449041532218,0.003702912921154226,0.039433085450321835,4.0131850689796855e-6,0.13214925531696026,-0.041282079387848045
21,Kentucky,2017,17.743037890701455,-0.0035757564437633137,-0.03804088323954691,3.678305718959929e-6,0.1304105985341921,-0.04399050988241327
04,Arizona,2023,16.413433265286127,-0.0026680003649861583,-0.028918264613147178,2.7454232364166754e-6,0.1622645831597592,-0.12322605670939189
18,Indiana,2017,17.70973990962943,-0.0024090535545303613,-0.025644560726313895,1.6873387182114554e-6,0.13147576237678343,0.007967019805420743
16,Idaho,2022,15.53478656013746,-0.0018809482339934818,-0.020250913680060236,1.2355659952495565e-6,0.15092900803809098,-0.018719158931902867
08,Colorado,2017,16.554845868014844,0.0015047138746319456,0.01601249093399934,6.545407314633833e-7,0.1309002616295666,0.008191648958270601
05,Arkansas,2020,17.25139146204475,0.0013269151047136847,0.01414123551950987,5.219950482913388e-7,0.1334549880537207,-0.04963317029775169
44,Rhode Island,2021,14.579741511951044,0.0012368881528009507,0.013295237808343624,5.211700804625985e-7,0.14817927626213206,-0.08334672183231576
47,Tennessee,2019,17.73425847142458,0.0012432616170152094,0.013229106904977155,4.461847669982282e-7,0.13075227694344843,-0.02788531419056117
46,South Dakota,2023,15.912487862593558,0.0010406226234874066,0.011120668779676528,3.3614554865674705e-7,0.13820439098475223,-0.045616617757391495
50,Vermont,2018,15.439746211536132,0.0010756080185320225,0.011447648952265112,3.3521713398935045e-7,0.13112956850220786,-0.07647225668406323
54,West Virginia,2023,16.49575145726869,7.806294098741896e-4,0.008462983316810389,2.3574766332906152e-7,0.16262033431715614,0.052067713380687906
49,Utah,2018,16.128605805903835,-5.598240923447981e-4,-0.005970977730448095,9.418794980152726e-8,0.13484917094621152,0.03220973124236902
21,Kentucky,2021,17.748797279395106,4.977757788268413e-4,0.0052995473723430175,7.220106612320937e-8,0.1317005505461846,-0.009529307225614054
13,Georgia,2022,17.96539155292211,-4.171335146557543e-4,-0.004448745020002444,5.2229155655381907e-8,0.13472391308431672,0.020594694132796944
