state_fips,state,year,target_observed,target_withheld,fhwa_year_matches,bls_months,msha_no_qualifying_activity,eligible_explanation,eligible_prediction
01,Alabama,2015,TRUE,FALSE,TRUE,12,FALSE,TRUE,FALSE
01,Alabama,2016,TRUE,FALSE,TRUE,12,FALSE,TRUE,TRUE
01,Alabama,2017,TRUE,FALSE,TRUE,12,FALSE,TRUE,TRUE
01,Alabama,2018,TRUE,FALSE,TRUE,12,FALSE,TRUE,TRUE
01,Alabama,2019,TRUE,FALSE,TRUE,12,FALSE,TRUE,TRUE
01,Alabama,2020,TRUE,FALSE,TRUE,12,FALSE,TRUE,TRUE
01,Alabama,2021,TRUE,FALSE,TRUE,12,FALSE,TRUE,TRUE
01,Alabama,2022,TRUE,FALSE,TRUE,12,FALSE,TRUE,TRUE
01,Alabama,2023,TRUE,FALSE,TRUE,12,FALSE,TRUE,TRUE
02,Alaska,2015,TRUE,FALSE,TRUE,,FALSE,TRUE,FALSE
02,Alaska,2016,TRUE,FALSE,TRUE,,FALSE,TRUE,TRUE
02,Alaska,2017,TRUE,FALSE,FALSE,,FALSE,FALSE,TRUE
02,Alaska,2018,TRUE,FALSE,TRUE,,FALSE,TRUE,FALSE
02,Alaska,2019,TRUE,FALSE,TRUE,,FALSE,TRUE,TRUE
02,Alaska,2020,TRUE,FALSE,TRUE,,FALSE,TRUE,TRUE
02,Alaska,2021,TRUE,FALSE,TRUE,,FALSE,TRUE,TRUE
02,Alaska,2022,TRUE,FALSE,TRUE,,FALSE,TRUE,TRUE
02,Alaska,2023,TRUE,FALSE,TRUE,,FALSE,TRUE,TRUE
04,Arizona,2015,TRUE,FALSE,TRUE,12,FALSE,TRUE,FALSE
04,Arizona,2016,TRUE,FALSE,TRUE,12,FALSE,TRUE,TRUE
04,Arizona,2017,TRUE,FALSE,TRUE,12,FALSE,TRUE,TRUE
04,Arizona,2018,TRUE,FALSE,TRUE,12,FALSE,TRUE,TRUE
04,Arizona,2019,TRUE,FALSE,TRUE,12,FALSE,TRUE,TRUE
04,Arizona,2020,TRUE,FALSE,TRUE,12,FALSE,TRUE,TRUE
04,Arizona,2021,TRUE,FALSE,TRUE,12,FALSE,TRUE,TRUE
04,Arizona,2022,TRUE,FALSE,TRUE,12,FALSE,TRUE,TRUE
04,Arizona,2023,TRUE,FALSE,TRUE,12,FALSE,TRUE,TRUE
05,Arkansas,2015,TRUE,FALSE,TRUE,,FALSE,TRUE,FALSE
05,Arkansas,2016,TRUE,FALSE,TRUE,,FALSE,TRUE,TRUE
05,Arkansas,2017,TRUE,FALSE,TRUE,,FALSE,TRUE,TRUE
05,Arkansas,2018,TRUE,FALSE,TRUE,,FALSE,TRUE,TRUE
05,Arkansas,2019,TRUE,FALSE,TRUE,,FALSE,TRUE,TRUE
05,Arkansas,2020,TRUE,FALSE,TRUE,,FALSE,TRUE,TRUE
05,Arkansas,2021,TRUE,FALSE,TRUE,,FALSE,TRUE,TRUE
05,Arkansas,2022,TRUE,FALSE,TRUE,,FALSE,TRUE,TRUE
05,Arkansas,2023,TRUE,FALSE,TRUE,,FALSE,TRUE,TRUE
06,California,2015,TRUE,FALSE,TRUE,12,FALSE,TRUE,FALSE
06,California,2016,TRUE,FALSE,TRUE,12,FALSE,TRUE,TRUE
06,California,2017,TRUE,FALSE,TRUE,12,FALSE,TRUE,TRUE
06,California,2018,TRUE,FALSE,TRUE,12,FALSE,TRUE,TRUE
06,California,2019,TRUE,FALSE,TRUE,12,FALSE,TRUE,TRUE
06,California,2020,TRUE,FALSE,TRUE,12,FALSE,TRUE,TRUE
06,California,2021,TRUE,FALSE,TRUE,12,FALSE,TRUE,TRUE
06,California,2022,TRUE,FALSE,TRUE,12,FALSE,TRUE,TRUE
06,California,2023,TRUE,FALSE,TRUE,12,FALSE,TRUE,TRUE
08,Colorado,2015,TRUE,FALSE,TRUE,12,FALSE,TRUE,FALSE
08,Colorado,2016,TRUE,FALSE,TRUE,12,FALSE,TRUE,TRUE
08,Colorado,2017,TRUE,FALSE,TRUE,12,FALSE,TRUE,TRUE
08,Colorado,2018,TRUE,FALSE,TRUE,12,FALSE,TRUE,TRUE
08,Colorado,2019,TRUE,FALSE,TRUE,12,FALSE,TRUE,TRUE
08,Colorado,2020,TRUE,FALSE,TRUE,12,FALSE,TRUE,TRUE
08,Colorado,2021,TRUE,FALSE,TRUE,12,FALSE,TRUE,TRUE
08,Colorado,2022,TRUE,FALSE,TRUE,12,FALSE,TRUE,TRUE
08,Colorado,2023,TRUE,FALSE,TRUE,12,FALSE,TRUE,TRUE
09,Connecticut,2015,TRUE,FALSE,TRUE,,FALSE,TRUE,FALSE
09,Connecticut,2016,TRUE,FALSE,TRUE,,FALSE,TRUE,TRUE
09,Connecticut,2017,TRUE,FALSE,TRUE,,FALSE,TRUE,TRUE
09,Connecticut,2018,TRUE,FALSE,TRUE,,FALSE,TRUE,TRUE
09,Connecticut,2019,TRUE,FALSE,TRUE,,FALSE,TRUE,TRUE
09,Connecticut,2020,TRUE,FALSE,TRUE,,FALSE,TRUE,TRUE
09,Connecticut,2021,TRUE,FALSE,TRUE,,FALSE,TRUE,TRUE
09,Connecticut,2022,TRUE,FALSE,TRUE,,FALSE,TRUE,TRUE
09,Connecticut,2023,TRUE,FALSE,TRUE,,FALSE,TRUE,TRUE
10,Delaware,2015,FALSE,TRUE,TRUE,,TRUE,FALSE,FALSE
10,Delaware,2016,FALSE,TRUE,TRUE,,TRUE,FALSE,FALSE
10,Delaware,2017,FALSE,TRUE,TRUE,,TRUE,FALSE,FALSE
10,Delaware,2018,FALSE,TRUE,TRUE,,TRUE,FALSE,FALSE
10,Delaware,2019,FALSE,TRUE,TRUE,,TRUE,FALSE,FALSE
10,Delaware,2020,FALSE,TRUE,TRUE,,TRUE,FALSE,FALSE
10,Delaware,2021,FALSE,TRUE,TRUE,,TRUE,FALSE,FALSE
10,Delaware,2022,FALSE,TRUE,TRUE,,TRUE,FALSE,FALSE
10,Delaware,2023,FALSE,TRUE,TRUE,,TRUE,FALSE,FALSE
12,Florida,2015,TRUE,FALSE,TRUE,12,FALSE,TRUE,FALSE
12,Florida,2016,TRUE,FALSE,TRUE,12,FALSE,TRUE,TRUE
12,Florida,2017,TRUE,FALSE,TRUE,12,FALSE,TRUE,TRUE
12,Florida,2018,TRUE,FALSE,TRUE,12,FALSE,TRUE,TRUE
12,Florida,2019,TRUE,FALSE,TRUE,12,FALSE,TRUE,TRUE
12,Florida,2020,TRUE,FALSE,TRUE,12,FALSE,TRUE,TRUE
12,Florida,2021,TRUE,FALSE,TRUE,12,FALSE,TRUE,TRUE
12,Florida,2022,TRUE,FALSE,TRUE,12,FALSE,TRUE,TRUE
12,Florida,2023,TRUE,FALSE,TRUE,12,FALSE,TRUE,TRUE
13,Georgia,2015,TRUE,FALSE,TRUE,12,FALSE,TRUE,FALSE
13,Georgia,2016,TRUE,FALSE,TRUE,12,FALSE,TRUE,TRUE
13,Georgia,2017,TRUE,FALSE,TRUE,12,FALSE,TRUE,TRUE
13,Georgia,2018,TRUE,FALSE,TRUE,12,FALSE,TRUE,TRUE
13,Georgia,2019,TRUE,FALSE,TRUE,12,FALSE,TRUE,TRUE
13,Georgia,2020,TRUE,FALSE,TRUE,12,FALSE,TRUE,TRUE
13,Georgia,2021,TRUE,FALSE,TRUE,12,FALSE,TRUE,TRUE
13,Georgia,2022,TRUE,FALSE,TRUE,12,FALSE,TRUE,TRUE
13,Georgia,2023,TRUE,FALSE,TRUE,12,FALSE,TRUE,TRUE
15,Hawaii,2015,TRUE,FALSE,TRUE,,FALSE,TRUE,FALSE
15,Hawaii,2016,TRUE,FALSE,TRUE,,FALSE,TRUE,TRUE
15,Hawaii,2017,TRUE,FALSE,TRUE,,FALSE,TRUE,TRUE
15,Hawaii,2018,TRUE,FALSE,TRUE,,FALSE,TRUE,TRUE
15,Hawaii,2019,TRUE,FALSE,TRUE,,FALSE,TRUE,TRUE
15,Hawaii,2020,TRUE,FALSE,TRUE,,FALSE,TRUE,TRUE
15,Hawaii,2021,TRUE,FALSE,TRUE,,FALSE,TRUE,TRUE
15,Hawaii,2022,TRUE,FALSE,TRUE,,FALSE,TRUE,TRUE
15,Hawaii,2023,TRUE,FALSE,TRUE,,FALSE,TRUE,TRUE
16,Idaho,2015,TRUE,FALSE,TRUE,12,FALSE,TRUE,FALSE
16,Idaho,2016,TRUE,FALSE,TRUE,12,FALSE,TRUE,TRUE
16,Idaho,2017,TRUE,FALSE,TRUE,12,FALSE,TRUE,TRUE
16,Idaho,2018,TRUE,FALSE,TRUE,12,FALSE,TRUE,TRUE
16,Idaho,2019,TRUE,FALSE,TRUE,12,FALSE,TRUE,TRUE
16,Idaho,2020,TRUE,FALSE,TRUE,12,FALSE,TRUE,TRUE
16,Idaho,2021,TRUE,FALSE,TRUE,12,FALSE,TRUE,TRUE
16,Idaho,2022,TRUE,FALSE,TRUE,12,FALSE,TRUE,TRUE
16,Idaho,2023,TRUE,FALSE,TRUE,12,FALSE,TRUE,TRUE
17,Illinois,2015,TRUE,FALSE,TRUE,12,FALSE,TRUE,FALSE
17,Illinois,2016,TRUE,FALSE,TRUE,12,FALSE,TRUE,TRUE
17,Illinois,2017,TRUE,FALSE,TRUE,12,FALSE,TRUE,TRUE
17,Illinois,2018,TRUE,FALSE,TRUE,12,FALSE,TRUE,TRUE
17,Illinois,2019,TRUE,FALSE,TRUE,12,FALSE,TRUE,TRUE
17,Illinois,2020,TRUE,FALSE,TRUE,12,FALSE,TRUE,TRUE
17,Illinois,2021,TRUE,FALSE,TRUE,12,FALSE,TRUE,TRUE
17,Illinois,2022,TRUE,FALSE,TRUE,12,FALSE,TRUE,TRUE
17,Illinois,2023,TRUE,FALSE,TRUE,12,FALSE,TRUE,TRUE
18,Indiana,2015,TRUE,FALSE,TRUE,12,FALSE,TRUE,FALSE
18,Indiana,2016,TRUE,FALSE,TRUE,12,FALSE,TRUE,TRUE
18,Indiana,2017,TRUE,FALSE,TRUE,12,FALSE,TRUE,TRUE
18,Indiana,2018,TRUE,FALSE,TRUE,12,FALSE,TRUE,TRUE
18,Indiana,2019,TRUE,FALSE,TRUE,12,FALSE,TRUE,TRUE
18,Indiana,2020,TRUE,FALSE,TRUE,12,FALSE,TRUE,TRUE
18,Indiana,2021,TRUE,FALSE,TRUE,12,FALSE,TRUE,TRUE
18,Indiana,2022,TRUE,FALSE,TRUE,12,FALSE,TRUE,TRUE
18,Indiana,2023,TRUE,FALSE,TRUE,12,FALSE,TRUE,TRUE
19,Iowa,2015,TRUE,FALSE,TRUE,,FALSE,TRUE,FALSE
19,Iowa,2016,TRUE,FALSE,TRUE,,FALSE,TRUE,TRUE
19,Iowa,2017,TRUE,FALSE,TRUE,,FALSE,TRUE,TRUE
19,Iowa,2018,TRUE,FALSE,TRUE,,FALSE,TRUE,TRUE
19,Iowa,2019,TRUE,FALSE,TRUE,,FALSE,TRUE,TRUE
19,Iowa,2020,TRUE,FALSE,TRUE,,FALSE,TRUE,TRUE
19,Iowa,2021,TRUE,FALSE,TRUE,,FALSE,TRUE,TRUE
19,Iowa,2022,TRUE,FALSE,TRUE,,FALSE,TRUE,TRUE
19,Iowa,2023,TRUE,FALSE,TRUE,,FALSE,TRUE,TRUE
20,Kansas,2015,TRUE,FALSE,TRUE,12,FALSE,TRUE,FALSE
20,Kansas,2016,TRUE,FALSE,TRUE,12,FALSE,TRUE,TRUE
20,Kansas,2017,TRUE,FALSE,TRUE,12,FALSE,TRUE,TRUE
20,Kansas,2018,TRUE,FALSE,TRUE,12,FALSE,TRUE,TRUE
20,Kansas,2019,TRUE,FALSE,TRUE,12,FALSE,TRUE,TRUE
20,Kansas,2020,TRUE,FALSE,TRUE,12,FALSE,TRUE,TRUE
20,Kansas,2021,TRUE,FALSE,TRUE,12,FALSE,TRUE,TRUE
20,Kansas,2022,TRUE,FALSE,TRUE,12,FALSE,TRUE,TRUE
20,Kansas,2023,TRUE,FALSE,TRUE,12,FALSE,TRUE,TRUE
21,Kentucky,2015,TRUE,FALSE,TRUE,12,FALSE,TRUE,FALSE
21,Kentucky,2016,TRUE,FALSE,TRUE,12,FALSE,TRUE,TRUE
21,Kentucky,2017,TRUE,FALSE,TRUE,12,FALSE,TRUE,TRUE
21,Kentucky,2018,TRUE,FALSE,TRUE,12,FALSE,TRUE,TRUE
21,Kentucky,2019,TRUE,FALSE,TRUE,12,FALSE,TRUE,TRUE
21,Kentucky,2020,TRUE,FALSE,TRUE,12,FALSE,TRUE,TRUE
21,Kentucky,2021,TRUE,FALSE,TRUE,12,FALSE,TRUE,TRUE
21,Kentucky,2022,TRUE,FALSE,TRUE,12,FALSE,TRUE,TRUE
21,Kentucky,2023,TRUE,FALSE,TRUE,12,FALSE,TRUE,TRUE
22,Louisiana,2015,FALSE,TRUE,TRUE,12,FALSE,FALSE,FALSE
22,Louisiana,2016,FALSE,TRUE,TRUE,12,FALSE,FALSE,FALSE
22,Louisiana,2017,FALSE,TRUE,TRUE,12,FALSE,FALSE,FALSE
22,Louisiana,2018,FALSE,TRUE,TRUE,12,FALSE,FALSE,FALSE
22,Louisiana,2019,FALSE,TRUE,TRUE,12,FALSE,FALSE,FALSE
22,Louisiana,2020,FALSE,TRUE,TRUE,12,FALSE,FALSE,FALSE
22,Louisiana,2021,FALSE,TRUE,TRUE,12,FALSE,FALSE,FALSE
22,Louisiana,2022,FALSE,TRUE,TRUE,12,FALSE,FALSE,FALSE
22,Louisiana,2023,FALSE,TRUE,TRUE,12,TRUE,FALSE,FALSE
23,Maine,2015,TRUE,FALSE,TRUE,12,FALSE,TRUE,FALSE
23,Maine,2016,TRUE,FALSE,TRUE,12,FALSE,TRUE,TRUE
23,Maine,2017,TRUE,FALSE,TRUE,12,FALSE,TRUE,TRUE
23,Maine,2018,TRUE,FALSE,TRUE,12,FALSE,TRUE,TRUE
23,Maine,2019,TRUE,FALSE,TRUE,12,FALSE,TRUE,TRUE
23,Maine,2020,TRUE,FALSE,TRUE,12,FALSE,TRUE,TRUE
23,Maine,2021,TRUE,FALSE,TRUE,12,FALSE,TRUE,TRUE
23,Maine,2022,TRUE,FALSE,TRUE,12,FALSE,TRUE,TRUE
23,Maine,2023,TRUE,FALSE,TRUE,12,FALSE,TRUE,TRUE
24,Maryland,2015,TRUE,FALSE,TRUE,12,FALSE,TRUE,FALSE
24,Maryland,2016,TRUE,FALSE,TRUE,12,FALSE,TRUE,TRUE
24,Maryland,2017,TRUE,FALSE,TRUE,12,FALSE,TRUE,TRUE
24,Maryland,2018,TRUE,FALSE,TRUE,12,FALSE,TRUE,TRUE
24,Maryland,2019,TRUE,FALSE,TRUE,12,FALSE,TRUE,TRUE
24,Maryland,2020,TRUE,FALSE,TRUE,12,FALSE,TRUE,TRUE
24,Maryland,2021,TRUE,FALSE,TRUE,12,FALSE,TRUE,TRUE
24,Maryland,2022,TRUE,FALSE,TRUE,12,FALSE,TRUE,TRUE
24,Maryland,2023,TRUE,FALSE,TRUE,12,FALSE,TRUE,TRUE
25,Massachusetts,2015,TRUE,FALSE,FALSE,12,FALSE,FALSE,FALSE
25,Massachusetts,2016,TRUE,FALSE,FALSE,12,FALSE,FALSE,FALSE
25,Massachusetts,2017,TRUE,FALSE,TRUE,12,FALSE,TRUE,FALSE
25,Massachusetts,2018,TRUE,FALSE,FALSE,12,FALSE,FALSE,TRUE
25,Massachusetts,2019,TRUE,FALSE,TRUE,12,FALSE,TRUE,FALSE
25,Massachusetts,2020,TRUE,FALSE,FALSE,12,FALSE,FALSE,TRUE
25,Massachusetts,2021,TRUE,FALSE,TRUE,12,FALSE,TRUE,FALSE
25,Massachusetts,2022,TRUE,FALSE,TRUE,12,FALSE,TRUE,TRUE
25,Massachusetts,2023,TRUE,FALSE,TRUE,12,FALSE,TRUE,TRUE
26,Michigan,2015,TRUE,FALSE,TRUE,12,FALSE,TRUE,FALSE
26,Michigan,2016,TRUE,FALSE,TRUE,12,FALSE,TRUE,TRUE
26,Michigan,2017,TRUE,FALSE,TRUE,12,FALSE,TRUE,TRUE
26,Michigan,2018,TRUE,FALSE,TRUE,12,FALSE,TRUE,TRUE
26,Michigan,2019,TRUE,FALSE,TRUE,12,FALSE,TRUE,TRUE
26,Michigan,2020,TRUE,FALSE,TRUE,12,FALSE,TRUE,TRUE
26,Michigan,2021,TRUE,FALSE,TRUE,12,FALSE,TRUE,TRUE
26,Michigan,2022,TRUE,FALSE,TRUE,12,FALSE,TRUE,TRUE
26,Michigan,2023,TRUE,FALSE,TRUE,12,FALSE,TRUE,TRUE
27,Minnesota,2015,TRUE,FALSE,TRUE,12,FALSE,TRUE,FALSE
27,Minnesota,2016,TRUE,FALSE,TRUE,12,FALSE,TRUE,TRUE
27,Minnesota,2017,TRUE,FALSE,TRUE,12,FALSE,TRUE,TRUE
27,Minnesota,2018,TRUE,FALSE,TRUE,12,FALSE,TRUE,TRUE
27,Minnesota,2019,TRUE,FALSE,TRUE,12,FALSE,TRUE,TRUE
27,Minnesota,2020,TRUE,FALSE,TRUE,12,FALSE,TRUE,TRUE
27,Minnesota,2021,TRUE,FALSE,TRUE,12,FALSE,TRUE,TRUE
27,Minnesota,2022,TRUE,FALSE,TRUE,12,FALSE,TRUE,TRUE
27,Minnesota,2023,TRUE,FALSE,TRUE,12,FALSE,TRUE,TRUE
28,Mississippi,2015,TRUE,FALSE,TRUE,,FALSE,TRUE,FALSE
28,Mississippi,2016,TRUE,FALSE,TRUE,,FALSE,TRUE,TRUE
28,Mississippi,2017,TRUE,FALSE,TRUE,,FALSE,TRUE,TRUE
28,Mississippi,2018,TRUE,FALSE,TRUE,,FALSE,TRUE,TRUE
28,Mississippi,2019,TRUE,FALSE,TRUE,,FALSE,TRUE,TRUE
28,Mississippi,2020,TRUE,FALSE,TRUE,,FALSE,TRUE,TRUE
28,Mississippi,2021,TRUE,FALSE,TRUE,,FALSE,TRUE,TRUE
28,Mississippi,2022,TRUE,FALSE,TRUE,,FALSE,TRUE,TRUE
28,Mississippi,2023,TRUE,FALSE,TRUE,,FALSE,TRUE,TRUE
29,Missouri,2015,TRUE,FALSE,TRUE,,FALSE,TRUE,FALSE
29,Missouri,2016,TRUE,FALSE,TRUE,,FALSE,TRUE,TRUE
29,Missouri,2017,TRUE,FALSE,TRUE,,FALSE,TRUE,TRUE
29,Missouri,2018,TRUE,FALSE,TRUE,,FALSE,TRUE,TRUE
29,Missouri,2019,TRUE,FALSE,TRUE,,FALSE,TRUE,TRUE
29,Missouri,2020,TRUE,FALSE,TRUE,,FALSE,TRUE,TRUE
29,Missouri,2021,TRUE,FALSE,TRUE,,FALSE,TRUE,TRUE
29,Missouri,2022,TRUE,FALSE,TRUE,,FALSE,TRUE,TRUE
29,Missouri,2023,TRUE,FALSE,TRUE,,FALSE,TRUE,TRUE
30,Montana,2015,TRUE,FALSE,TRUE,12,FALSE,TRUE,FALSE
30,Montana,2016,TRUE,FALSE,TRUE,12,FALSE,TRUE,TRUE
30,Montana,2017,TRUE,FALSE,TRUE,12,FALSE,TRUE,TRUE
30,Montana,2018,TRUE,FALSE,TRUE,12,FALSE,TRUE,TRUE
30,Montana,2019,TRUE,FALSE,TRUE,12,FALSE,TRUE,TRUE
30,Montana,2020,TRUE,FALSE,TRUE,12,FALSE,TRUE,TRUE
30,Montana,2021,TRUE,FALSE,TRUE,12,FALSE,TRUE,TRUE
30,Montana,2022,TRUE,FALSE,TRUE,12,FALSE,TRUE,TRUE
30,Montana,2023,TRUE,FALSE,TRUE,12,FALSE,TRUE,TRUE
31,Nebraska,2015,TRUE,FALSE,TRUE,12,FALSE,TRUE,FALSE
31,Nebraska,2016,TRUE,FALSE,TRUE,12,FALSE,TRUE,TRUE
31,Nebraska,2017,TRUE,FALSE,TRUE,12,FALSE,TRUE,TRUE
31,Nebraska,2018,TRUE,FALSE,TRUE,12,FALSE,TRUE,TRUE
31,Nebraska,2019,FALSE,TRUE,TRUE,12,FALSE,FALSE,FALSE
31,Nebraska,2020,FALSE,TRUE,TRUE,12,FALSE,FALSE,FALSE
31,Nebraska,2021,FALSE,TRUE,TRUE,12,FALSE,FALSE,FALSE
31,Nebraska,2022,FALSE,TRUE,TRUE,12,FALSE,FALSE,FALSE
31,Nebraska,2023,FALSE,TRUE,TRUE,12,FALSE,FALSE,FALSE
32,Nevada,2015,TRUE,FALSE,TRUE,,FALSE,TRUE,FALSE
32,Nevada,2016,TRUE,FALSE,TRUE,,FALSE,TRUE,TRUE
32,Nevada,2017,TRUE,FALSE,TRUE,,FALSE,TRUE,TRUE
32,Nevada,2018,TRUE,FALSE,TRUE,,FALSE,TRUE,TRUE
32,Nevada,2019,TRUE,FALSE,TRUE,,FALSE,TRUE,TRUE
32,Nevada,2020,TRUE,FALSE,TRUE,,FALSE,TRUE,TRUE
32,Nevada,2021,TRUE,FALSE,TRUE,,FALSE,TRUE,TRUE
32,Nevada,2022,TRUE,FALSE,TRUE,,FALSE,TRUE,TRUE
32,Nevada,2023,TRUE,FALSE,TRUE,,FALSE,TRUE,TRUE
33,New Hampshire,2015,TRUE,FALSE,TRUE,,FALSE,TRUE,FALSE
33,New Hampshire,2016,TRUE,FALSE,TRUE,,FALSE,TRUE,TRUE
33,New Hampshire,2017,TRUE,FALSE,TRUE,,FALSE,TRUE,TRUE
33,New Hampshire,2018,TRUE,FALSE,TRUE,,FALSE,TRUE,TRUE
33,New Hampshire,2019,TRUE,FALSE,TRUE,,FALSE,TRUE,TRUE
33,New Hampshire,2020,TRUE,FALSE,TRUE,,FALSE,TRUE,TRUE
33,New Hampshire,2021,TRUE,FALSE,TRUE,,FALSE,TRUE,TRUE
33,New Hampshire,2022,TRUE,FALSE,TRUE,,FALSE,TRUE,TRUE
33,New Hampshire,2023,TRUE,FALSE,TRUE,,FALSE,TRUE,TRUE
34,New Jersey,2015,TRUE,FALSE,TRUE,12,FALSE,TRUE,FALSE
34,New Jersey,2016,TRUE,FALSE,TRUE,12,FALSE,TRUE,TRUE
34,New Jersey,2017,TRUE,FALSE,TRUE,12,FALSE,TRUE,TRUE
34,New Jersey,2018,TRUE,FALSE,TRUE,12,FALSE,TRUE,TRUE
34,New Jersey,2019,TRUE,FALSE,TRUE,12,FALSE,TRUE,TRUE
34,New Jersey,2020,TRUE,FALSE,TRUE,12,FALSE,TRUE,TRUE
34,New Jersey,2021,TRUE,FALSE,TRUE,12,FALSE,TRUE,TRUE
34,New Jersey,2022,TRUE,FALSE,TRUE,12,FALSE,TRUE,TRUE
34,New Jersey,2023,TRUE,FALSE,TRUE,12,FALSE,TRUE,TRUE
35,New Mexico,2015,TRUE,FALSE,TRUE,,FALSE,TRUE,FALSE
35,New Mexico,2016,TRUE,FALSE,TRUE,,FALSE,TRUE,TRUE
35,New Mexico,2017,TRUE,FALSE,TRUE,,FALSE,TRUE,TRUE
35,New Mexico,2018,TRUE,FALSE,TRUE,,FALSE,TRUE,TRUE
35,New Mexico,2019,TRUE,FALSE,TRUE,,FALSE,TRUE,TRUE
35,New Mexico,2020,TRUE,FALSE,TRUE,,FALSE,TRUE,TRUE
35,New Mexico,2021,TRUE,FALSE,TRUE,,FALSE,TRUE,TRUE
35,New Mexico,2022,TRUE,FALSE,TRUE,,FALSE,TRUE,TRUE
35,New Mexico,2023,TRUE,FALSE,TRUE,,FALSE,TRUE,TRUE
36,New York,2015,TRUE,FALSE,TRUE,12,FALSE,TRUE,FALSE
36,New York,2016,TRUE,FALSE,TRUE,12,FALSE,TRUE,TRUE
36,New York,2017,TRUE,FALSE,TRUE,12,FALSE,TRUE,TRUE
36,New York,2018,TRUE,FALSE,TRUE,12,FALSE,TRUE,TRUE
36,New York,2019,TRUE,FALSE,TRUE,12,FALSE,TRUE,TRUE
36,New York,2020,TRUE,FALSE,TRUE,12,FALSE,TRUE,TRUE
36,New York,2021,TRUE,FALSE,TRUE,12,FALSE,TRUE,TRUE
36,New York,2022,TRUE,FALSE,TRUE,12,FALSE,TRUE,TRUE
36,New York,2023,TRUE,FALSE,TRUE,12,FALSE,TRUE,TRUE
37,North Carolina,2015,TRUE,FALSE,TRUE,12,FALSE,TRUE,FALSE
37,North Carolina,2016,TRUE,FALSE,TRUE,12,FALSE,TRUE,TRUE
37,North Carolina,2017,TRUE,FALSE,TRUE,12,FALSE,TRUE,TRUE
37,North Carolina,2018,TRUE,FALSE,TRUE,12,FALSE,TRUE,TRUE
37,North Carolina,2019,TRUE,FALSE,TRUE,12,FALSE,TRUE,TRUE
37,North Carolina,2020,TRUE,FALSE,TRUE,12,FALSE,TRUE,TRUE
37,North Carolina,2021,TRUE,FALSE,TRUE,12,FALSE,TRUE,TRUE
37,North Carolina,2022,TRUE,FALSE,TRUE,12,FALSE,TRUE,TRUE
37,North Carolina,2023,TRUE,FALSE,TRUE,12,FALSE,TRUE,TRUE
38,North Dakota,2015,TRUE,FALSE,TRUE,12,FALSE,TRUE,FALSE
38,North Dakota,2016,TRUE,FALSE,TRUE,12,FALSE,TRUE,TRUE
38,North Dakota,2017,TRUE,FALSE,TRUE,12,FALSE,TRUE,TRUE
38,North Dakota,2018,TRUE,FALSE,TRUE,12,FALSE,TRUE,TRUE
38,North Dakota,2019,TRUE,FALSE,TRUE,12,FALSE,TRUE,TRUE
38,North Dakota,2020,TRUE,FALSE,TRUE,12,TRUE,TRUE,TRUE
38,North Dakota,2021,TRUE,FALSE,TRUE,12,TRUE,TRUE,TRUE
38,North Dakota,2022,TRUE,FALSE,TRUE,12,TRUE,TRUE,TRUE
38,North Dakota,2023,TRUE,FALSE,TRUE,12,TRUE,TRUE,TRUE
39,Ohio,2015,TRUE,FALSE,TRUE,12,FALSE,TRUE,FALSE
39,Ohio,2016,TRUE,FALSE,TRUE,12,FALSE,TRUE,TRUE
39,Ohio,2017,TRUE,FALSE,TRUE,12,FALSE,TRUE,TRUE
39,Ohio,2018,TRUE,FALSE,TRUE,12,FALSE,TRUE,TRUE
39,Ohio,2019,TRUE,FALSE,TRUE,12,FALSE,TRUE,TRUE
39,Ohio,2020,TRUE,FALSE,TRUE,12,FALSE,TRUE,TRUE
39,Ohio,2021,TRUE,FALSE,TRUE,12,FALSE,TRUE,TRUE
39,Ohio,2022,TRUE,FALSE,TRUE,12,FALSE,TRUE,TRUE
39,Ohio,2023,TRUE,FALSE,TRUE,12,FALSE,TRUE,TRUE
40,Oklahoma,2015,TRUE,FALSE,TRUE,12,FALSE,TRUE,FALSE
40,Oklahoma,2016,TRUE,FALSE,TRUE,12,FALSE,TRUE,TRUE
40,Oklahoma,2017,TRUE,FALSE,TRUE,12,FALSE,TRUE,TRUE
40,Oklahoma,2018,TRUE,FALSE,TRUE,12,FALSE,TRUE,TRUE
40,Oklahoma,2019,TRUE,FALSE,TRUE,12,FALSE,TRUE,TRUE
40,Oklahoma,2020,TRUE,FALSE,TRUE,12,FALSE,TRUE,TRUE
40,Oklahoma,2021,TRUE,FALSE,TRUE,12,FALSE,TRUE,TRUE
40,Oklahoma,2022,TRUE,FALSE,TRUE,12,FALSE,TRUE,TRUE
40,Oklahoma,2023,TRUE,FALSE,TRUE,12,FALSE,TRUE,TRUE
41,Oregon,2015,TRUE,FALSE,TRUE,12,FALSE,TRUE,FALSE
41,Oregon,2016,TRUE,FALSE,TRUE,12,FALSE,TRUE,TRUE
41,Oregon,2017,TRUE,FALSE,TRUE,12,FALSE,TRUE,TRUE
41,Oregon,2018,TRUE,FALSE,FALSE,12,FALSE,FALSE,TRUE
41,Oregon,2019,TRUE,FALSE,FALSE,12,FALSE,FALSE,FALSE
41,Oregon,2020,TRUE,FALSE,TRUE,12,FALSE,TRUE,FALSE
41,Oregon,2021,TRUE,FALSE,TRUE,12,FALSE,TRUE,TRUE
41,Oregon,2022,TRUE,FALSE,TRUE,12,FALSE,TRUE,TRUE
41,Oregon,2023,TRUE,FALSE,TRUE,12,FALSE,TRUE,TRUE
42,Pennsylvania,2015,TRUE,FALSE,TRUE,12,FALSE,TRUE,FALSE
42,Pennsylvania,2016,TRUE,FALSE,TRUE,12,FALSE,TRUE,TRUE
42,Pennsylvania,2017,TRUE,FALSE,TRUE,12,FALSE,TRUE,TRUE
42,Pennsylvania,2018,TRUE,FALSE,TRUE,12,FALSE,TRUE,TRUE
42,Pennsylvania,2019,TRUE,FALSE,TRUE,12,FALSE,TRUE,TRUE
42,Pennsylvania,2020,TRUE,FALSE,TRUE,12,FALSE,TRUE,TRUE
42,Pennsylvania,2021,TRUE,FALSE,TRUE,12,FALSE,TRUE,TRUE
42,Pennsylvania,2022,TRUE,FALSE,TRUE,12,FALSE,TRUE,TRUE
42,Pennsylvania,2023,TRUE,FALSE,TRUE,12,FALSE,TRUE,TRUE
44,Rhode Island,2015,TRUE,FALSE,FALSE,,FALSE,FALSE,FALSE
44,Rhode Island,2016,TRUE,FALSE,TRUE,,FALSE,TRUE,FALSE
44,Rhode Island,2017,TRUE,FALSE,TRUE,,FALSE,TRUE,TRUE
44,Rhode Island,2018,TRUE,FALSE,TRUE,,FALSE,TRUE,TRUE
44,Rhode Island,2019,TRUE,FALSE,TRUE,,FALSE,TRUE,TRUE
44,Rhode Island,2020,TRUE,FALSE,TRUE,,FALSE,TRUE,TRUE
44,Rhode Island,2021,TRUE,FALSE,TRUE,,FALSE,TRUE,TRUE
44,Rhode Island,2022,TRUE,FALSE,TRUE,,FALSE,TRUE,TRUE
44,Rhode Island,2023,TRUE,FALSE,TRUE,,FALSE,TRUE,TRUE
45,South Carolina,2015,TRUE,FALSE,TRUE,12,FALSE,TRUE,FALSE
45,South Carolina,2016,TRUE,FALSE,TRUE,12,FALSE,TRUE,TRUE
45,South Carolina,2017,TRUE,FALSE,TRUE,12,FALSE,TRUE,TRUE
45,South Carolina,2018,TRUE,FALSE,TRUE,12,FALSE,TRUE,TRUE
45,South Carolina,2019,TRUE,FALSE,TRUE,12,FALSE,TRUE,TRUE
45,South Carolina,2020,TRUE,FALSE,TRUE,12,FALSE,TRUE,TRUE
45,South Carolina,2021,TRUE,FALSE,TRUE,12,FALSE,TRUE,TRUE
45,South Carolina,2022,TRUE,FALSE,TRUE,12,FALSE,TRUE,TRUE
45,South Carolina,2023,TRUE,FALSE,TRUE,12,FALSE,TRUE,TRUE
46,South Dakota,2015,TRUE,FALSE,TRUE,12,FALSE,TRUE,FALSE
46,South Dakota,2016,TRUE,FALSE,TRUE,12,FALSE,TRUE,TRUE
46,South Dakota,2017,TRUE,FALSE,TRUE,12,FALSE,TRUE,TRUE
46,South Dakota,2018,TRUE,FALSE,TRUE,12,FALSE,TRUE,TRUE
46,South Dakota,2019,TRUE,FALSE,TRUE,12,FALSE,TRUE,TRUE
46,South Dakota,2020,TRUE,FALSE,TRUE,12,FALSE,TRUE,TRUE
46,South Dakota,2021,TRUE,FALSE,TRUE,12,FALSE,TRUE,TRUE
46,South Dakota,2022,TRUE,FALSE,TRUE,12,FALSE,TRUE,TRUE
46,South Dakota,2023,TRUE,FALSE,TRUE,12,FALSE,TRUE,TRUE
47,Tennessee,2015,TRUE,FALSE,TRUE,12,FALSE,TRUE,FALSE
47,Tennessee,2016,TRUE,FALSE,TRUE,12,FALSE,TRUE,TRUE
47,Tennessee,2017,TRUE,FALSE,TRUE,12,FALSE,TRUE,TRUE
47,Tennessee,2018,TRUE,FALSE,TRUE,12,FALSE,TRUE,TRUE
47,Tennessee,2019,TRUE,FALSE,TRUE,12,FALSE,TRUE,TRUE
47,Tennessee,2020,TRUE,FALSE,TRUE,12,FALSE,TRUE,TRUE
47,Tennessee,2021,TRUE,FALSE,TRUE,12,FALSE,TRUE,TRUE
47,Tennessee,2022,TRUE,FALSE,TRUE,12,FALSE,TRUE,TRUE
47,Tennessee,2023,TRUE,FALSE,TRUE,12,FALSE,TRUE,TRUE
48,Texas,2015,TRUE,FALSE,TRUE,12,FALSE,TRUE,FALSE
48,Texas,2016,TRUE,FALSE,TRUE,12,FALSE,TRUE,TRUE
48,Texas,2017,TRUE,FALSE,TRUE,12,FALSE,TRUE,TRUE
48,Texas,2018,TRUE,FALSE,TRUE,12,FALSE,TRUE,TRUE
48,Texas,2019,TRUE,FALSE,TRUE,12,FALSE,TRUE,TRUE
48,Texas,2020,TRUE,FALSE,TRUE,12,FALSE,TRUE,TRUE
48,Texas,2021,TRUE,FALSE,TRUE,12,FALSE,TRUE,TRUE
48,Texas,2022,TRUE,FALSE,TRUE,12,FALSE,TRUE,TRUE
48,Texas,2023,TRUE,FALSE,TRUE,12,FALSE,TRUE,TRUE
49,Utah,2015,TRUE,FALSE,TRUE,12,FALSE,TRUE,FALSE
49,Utah,2016,TRUE,FALSE,TRUE,12,FALSE,TRUE,TRUE
49,Utah,2017,TRUE,FALSE,TRUE,12,FALSE,TRUE,TRUE
49,Utah,2018,TRUE,FALSE,TRUE,12,FALSE,TRUE,TRUE
49,Utah,2019,TRUE,FALSE,TRUE,12,FALSE,TRUE,TRUE
49,Utah,2020,TRUE,FALSE,TRUE,12,FALSE,TRUE,TRUE
49,Utah,2021,TRUE,FALSE,TRUE,12,FALSE,TRUE,TRUE
49,Utah,2022,TRUE,FALSE,TRUE,12,FALSE,TRUE,TRUE
49,Utah,2023,TRUE,FALSE,TRUE,12,FALSE,TRUE,TRUE
50,Vermont,2015,TRUE,FALSE,TRUE,,FALSE,TRUE,FALSE
50,Vermont,2016,TRUE,FALSE,TRUE,,FALSE,TRUE,TRUE
50,Vermont,2017,TRUE,FALSE,TRUE,,FALSE,TRUE,TRUE
50,Vermont,2018,TRUE,FALSE,TRUE,,FALSE,TRUE,TRUE
50,Vermont,2019,TRUE,FALSE,TRUE,,FALSE,TRUE,TRUE
50,Vermont,2020,TRUE,FALSE,TRUE,,FALSE,TRUE,TRUE
50,Vermont,2021,TRUE,FALSE,TRUE,,FALSE,TRUE,TRUE
50,Vermont,2022,TRUE,FALSE,TRUE,,FALSE,TRUE,TRUE
50,Vermont,2023,TRUE,FALSE,TRUE,,FALSE,TRUE,TRUE
51,Virginia,2015,TRUE,FALSE,TRUE,12,FALSE,TRUE,FALSE
51,Virginia,2016,TRUE,FALSE,TRUE,12,FALSE,TRUE,TRUE
51,Virginia,2017,TRUE,FALSE,TRUE,12,FALSE,TRUE,TRUE
51,Virginia,2018,TRUE,FALSE,TRUE,12,FALSE,TRUE,TRUE
51,Virginia,2019,TRUE,FALSE,TRUE,12,FALSE,TRUE,TRUE
51,Virginia,2020,TRUE,FALSE,TRUE,12,FALSE,TRUE,TRUE
51,Virginia,2021,TRUE,FALSE,TRUE,12,FALSE,TRUE,TRUE
51,Virginia,2022,TRUE,FALSE,TRUE,12,FALSE,TRUE,TRUE
51,Virginia,2023,TRUE,FALSE,TRUE,12,FALSE,TRUE,TRUE
53,Washington,2015,TRUE,FALSE,TRUE,12,FALSE,TRUE,FALSE
53,Washington,2016,TRUE,FALSE,TRUE,12,FALSE,TRUE,TRUE
53,Washington,2017,TRUE,FALSE,TRUE,12,FALSE,TRUE,TRUE
53,Washington,2018,TRUE,FALSE,TRUE,12,FALSE,TRUE,TRUE
53,Washington,2019,TRUE,FALSE,TRUE,12,FALSE,TRUE,TRUE
53,Washington,2020,TRUE,FALSE,TRUE,12,FALSE,TRUE,TRUE
53,Washington,2021,TRUE,FALSE,TRUE,12,FALSE,TRUE,TRUE
53,Washington,2022,TRUE,FALSE,TRUE,12,FALSE,TRUE,TRUE
53,Washington,2023,TRUE,FALSE,TRUE,12,FALSE,TRUE,TRUE
54,West Virginia,2015,TRUE,FALSE,TRUE,,FALSE,TRUE,FALSE
54,West Virginia,2016,TRUE,FALSE,TRUE,,FALSE,TRUE,TRUE
54,West Virginia,2017,TRUE,FALSE,TRUE,,FALSE,TRUE,TRUE
54,West Virginia,2018,TRUE,FALSE,TRUE,,FALSE,TRUE,TRUE
54,West Virginia,2019,TRUE,FALSE,TRUE,,FALSE,TRUE,TRUE
54,West Virginia,2020,TRUE,FALSE,TRUE,,FALSE,TRUE,TRUE
54,West Virginia,2021,TRUE,FALSE,TRUE,,FALSE,TRUE,TRUE
54,West Virginia,2022,TRUE,FALSE,TRUE,,FALSE,TRUE,TRUE
54,West Virginia,2023,TRUE,FALSE,TRUE,,FALSE,TRUE,TRUE
55,Wisconsin,2015,TRUE,FALSE,TRUE,12,FALSE,TRUE,FALSE
55,Wisconsin,2016,TRUE,FALSE,TRUE,12,FALSE,TRUE,TRUE
55,Wisconsin,2017,TRUE,FALSE,TRUE,12,FALSE,TRUE,TRUE
55,Wisconsin,2018,TRUE,FALSE,TRUE,12,FALSE,TRUE,TRUE
55,Wisconsin,2019,TRUE,FALSE,TRUE,12,FALSE,TRUE,TRUE
55,Wisconsin,2020,TRUE,FALSE,TRUE,12,FALSE,TRUE,TRUE
55,Wisconsin,2021,TRUE,FALSE,TRUE,12,FALSE,TRUE,TRUE
55,Wisconsin,2022,TRUE,FALSE,TRUE,12,FALSE,TRUE,TRUE
55,Wisconsin,2023,TRUE,FALSE,TRUE,12,FALSE,TRUE,TRUE
56,Wyoming,2015,TRUE,FALSE,TRUE,12,FALSE,TRUE,FALSE
56,Wyoming,2016,TRUE,FALSE,TRUE,12,FALSE,TRUE,TRUE
56,Wyoming,2017,TRUE,FALSE,TRUE,12,FALSE,TRUE,TRUE
56,Wyoming,2018,TRUE,FALSE,TRUE,12,FALSE,TRUE,TRUE
56,Wyoming,2019,TRUE,FALSE,TRUE,12,FALSE,TRUE,TRUE
56,Wyoming,2020,TRUE,FALSE,TRUE,12,FALSE,TRUE,TRUE
56,Wyoming,2021,TRUE,FALSE,TRUE,12,FALSE,TRUE,TRUE
56,Wyoming,2022,TRUE,FALSE,TRUE,12,FALSE,TRUE,TRUE
56,Wyoming,2023,TRUE,FALSE,TRUE,12,FALSE,TRUE,TRUE
