state_fips,year,construction_gdp_chained_2017_million_usd,total_gdp_chained_2017_million_usd,personal_income_nominal_million_usd
01,2015,8009.1,208950.3,187474.7
01,2016,8509.7,212862.8,190871.8
01,2017,8824.8,216615.5,197963.8
01,2018,9193.6,220808.8,205674.2
01,2019,9821.6,225272.8,215151.8
01,2020,10006.9,223025.5,230878.4
01,2021,10365.4,233951.1,255682.3
01,2022,9693.1,239846.6,262425.8
01,2023,9877.3,248313.7,279484.6
02,2015,2708.7,53681.1,41918.6
02,2016,2550.2,53463.9,41285.5
02,2017,2445,53550.9,41919.4
02,2018,2500.5,52479.6,43522.7
02,2019,2560,52377.5,44459.7
02,2020,2467.7,50901.3,45375.8
02,2021,2374.9,51764,48327.1
02,2022,2106.8,50509.1,50793.7
02,2023,2224.5,54183.8,53322
04,2015,12776.5,308582.8,267474.1
04,2016,13918.7,319008.4,279696.7
04,2017,15520.3,333099,297261.5
04,2018,17030.5,346398.3,315459
04,2019,18334.7,359576.7,337257.2
04,2020,19960.8,366588,374282.4
04,2021,20707.7,396457.5,415893.1
04,2022,21122.8,413798.8,435718.7
04,2023,22526.2,427644,471040.2
05,2015,4550.6,121532.5,116632.4
05,2016,4698.3,123034.9,119758.8
05,2017,4819.6,123882.6,123825.4
05,2018,4762.3,126371.2,128970.8
05,2019,4859.8,127220,131394.8
05,2020,4970.9,128395.6,142072.2
05,2021,5200.5,137634.8,161493.9
05,2022,4986.8,138672,163688.6
05,2023,5243.3,141968,173568.3
06,2015,97403.7,2545979.5,2097049.6
06,2016,104378.3,2623711.7,2191138
06,2017,110699.1,2740550.3,2295048.7
06,2018,116056.6,2850970.3,2411055.1
06,2019,119243.5,2969609,2539747.4
06,2020,113508.9,2930654.6,2770488.8
06,2021,114963.6,3151112.5,3019215.7
06,2022,106070.6,3147211.4,3021645.5
06,2023,101578.9,3204016.4,3182779.3
08,2015,18169.9,330526.1,279696
08,2016,19568.7,337685.2,283678.7
08,2017,20895.7,350209.1,303366.7
08,2018,22141.5,365204.5,328112.7
08,2019,22811.9,383725.6,351476
08,2020,22723.7,380544,374449.3
08,2021,22994,406309.2,418190.2
08,2022,21745.4,422576.1,448676.8
08,2023,21178.5,440225.2,473104.6
09,2015,7643,268869.8,239184.9
09,2016,7726.7,268196.2,243698.7
09,2017,7547.7,273875.1,249451.1
09,2018,7498,274582.8,260582.2
09,2019,7491.8,275225.4,267564.2
09,2020,7141.2,261737.1,275029.8
09,2021,7164.5,270779.8,296291.5
09,2022,6732.5,279348.5,309011.4
09,2023,6744.1,283228.5,328729.9
10,2015,2473.9,76211.2,44626.3
10,2016,2536.3,71941.4,45928.4
10,2017,2597,69555.6,48077.1
10,2018,2630.4,70856.4,51150.4
10,2019,2735.4,74627.8,52774.4
10,2020,2715.6,72728.8,55069.8
10,2021,2769.8,75205.5,60175.9
10,2022,2503.5,81111.8,65386.9
10,2023,2525.4,82090.9,66943.8
12,2015,43128.4,945929,905450.5
12,2016,49139.1,978989.7,938985.6
12,2017,53428,1014866.9,1011002.2
12,2018,57752.4,1050433.8,1078010.6
12,2019,59323.5,1084913.9,1145938.8
12,2020,60376,1072481.6,1222053.4
12,2021,62616.5,1172655.3,1367061.9
12,2022,58886.6,1245927.6,1464251
12,2023,60251.7,1309392.2,1604650.3
13,2015,21649.9,540108.5,423242
13,2016,24084.5,561718.3,441039.1
13,2017,25738.8,583543.3,467592.5
13,2018,27464.8,600934.7,491088
13,2019,28610.5,620744.9,516504.2
13,2020,28903.2,603202.5,552699.9
13,2021,30326.8,643748.4,607184.3
13,2022,29154.2,670107.2,627439
13,2023,29090.3,679447.2,663930.9
15,2015,4976.3,83857.6,68200.8
15,2016,5428.9,85670.4,70744.8
15,2017,5274.4,87436.4,73646.4
15,2018,5119.1,88836.4,75266.4
15,2019,5195.4,88855.2,78586.9
15,2020,5063.8,79696.8,82758.5
15,2021,4922.2,84532,88650.4
15,2022,4314.2,87491.2,91007.9
15,2023,4343.3,89642.2,96961.4
16,2015,3581.2,67790.5,64564.3
16,2016,3703.6,70442.5,67294.1
16,2017,3842.9,72935.1,71472.6
16,2018,3958.6,77652.1,76529.6
16,2019,4312.1,81144.3,82967.7
16,2020,4664.9,82711.6,91960.1
16,2021,5308.3,88955.2,105916
16,2022,5261.6,92792.5,110891.1
16,2023,5223.8,95286.5,116692.4
17,2015,29831.4,825424.9,657080.2
17,2016,30121.7,826404.7,664686.8
17,2017,30646.9,832826.8,685632.7
17,2018,29497.9,851517.2,722686.6
17,2019,29319.2,858018.3,741904.7
17,2020,27997.6,810693.1,788153.3
17,2021,29006.1,857114.6,849243.1
17,2022,26456.9,872907.5,858844.4
17,2023,26310.8,884965.3,907225.7
18,2015,13787,341205.2,279385.7
18,2016,14586,348439.2,287275.2
18,2017,15743.6,357535.8,297990.5
18,2018,16173.2,368762.9,313127.2
18,2019,16641.4,370507.2,326391.4
18,2020,16747.7,359963.6,351576.3
18,2021,17310.2,386872.8,391059
18,2022,16358.4,393481.5,401573.6
18,2023,16666.3,400369.5,422345.3
19,2015,8434.3,185989.2,142521.2
19,2016,9029.5,186729.9,143839.9
19,2017,8400,187125,147911.5
19,2018,8433.1,189245.1,154686
19,2019,8374.6,188471.4,158156.3
19,2020,8332.2,187261.7,168097.8
19,2021,8275.1,202470.6,186318.9
19,2022,7749.8,202672.5,196040.1
19,2023,7702,201359.8,201755.9
20,2015,6301.6,158602.6,136189.1
20,2016,6432.6,164643.7,136753.6
20,2017,6434.5,166273.6,141311.8
20,2018,6589.1,169796.9,147407.4
20,2019,6752.8,169562.3,153011.9
20,2020,6743.2,166621.4,162277.2
20,2021,6729.9,170401.2,173977
20,2022,6103.6,177776.1,181747
20,2023,6262.2,180267.5,187457.3
21,2015,7868.3,199487.1,172269.4
21,2016,7771.5,201007.2,175275.6
21,2017,7813.5,203564,180836.1
21,2018,7774.3,205940.1,186931.1
21,2019,8036,211783.1,195518.9
21,2020,7932.5,206601.9,212278.2
21,2021,7908.3,215535,234113.4
21,2022,7570.8,220641.8,237842.6
21,2023,7795.9,226942.4,253319.5
22,2015,14504.3,239584.1,198425.9
22,2016,14998.7,235554.2,197411.9
22,2017,16168.8,239830.7,203454.9
22,2018,16445.6,245220.3,212320.8
22,2019,15022.8,246674.4,219305
22,2020,13284,225636,233449.5
22,2021,13820,242582.1,255091.5
22,2022,12253.1,240043,254415.5
22,2023,12517.2,248949.4,270677.4
23,2015,2170.9,60563,57356.5
23,2016,2173.4,62037.1,59286.8
23,2017,2208.6,63000.6,61740.1
23,2018,2256.1,64806.3,64463.2
23,2019,2284.5,66758.4,67852.8
23,2020,2291.7,67639.2,74137
23,2021,2402.8,71353.5,81887.1
23,2022,2242.1,72884.4,85704.2
23,2023,2297.6,75514,91602.3
24,2015,20262.6,378745.9,332956.2
24,2016,22535.7,391950.9,344195.1
24,2017,24317.1,399714.5,356079
24,2018,24008.9,402480.9,367831.3
24,2019,23976,402506.2,380447.2
24,2020,23421.7,389178.6,400750
24,2021,23262.7,407160.1,427803.2
24,2022,21459.3,412670.7,438306.4
24,2023,20864.7,420558,469239.6
25,2015,18845.6,514398.7,422547.6
25,2016,19845.7,521662.8,438598.5
25,2017,20871,530129.4,459778.7
25,2018,21578.9,549262.1,483954.4
25,2019,22127.1,566326.8,507884.7
25,2020,20983.7,560395.8,542032.6
25,2021,21832,597420,588651
25,2022,20032.8,607470.6,600009.6
25,2023,19434.3,614786.1,635619.8
26,2015,17600,490618.7,429284.9
26,2016,18142.1,500159.5,441557.2
26,2017,18720,505101.5,454894.8
26,2018,19043.8,516843,474208
26,2019,18405.4,521085.1,489569.6
26,2020,17733.6,502622.3,532019.9
26,2021,18651.8,528701.8,573255.7
26,2022,17837.4,539807.5,583072.1
26,2023,18235.6,554556.2,617163.2
27,2015,14856.8,345456.2,282988
27,2016,15526.4,350603.6,288866.6
27,2017,16350.9,354721.9,301749
27,2018,16449.8,364799.7,317564.8
27,2019,17004.2,369617.4,329291.6
27,2020,16555,357831.5,350470
27,2021,17518.6,377975.8,387015.8
27,2022,15914.8,385921.8,397877.4
27,2023,16097.9,389864.5,418091
28,2015,4124.8,109401.7,104772.2
28,2016,3887.4,109911,106355.5
28,2017,3643.8,110281.4,109132.8
28,2018,3644.7,110174.8,111917.8
28,2019,3658.7,111207.8,116213.5
28,2020,3626.1,111195,125624.9
28,2021,3805.2,116078.4,138640.2
28,2022,3473.5,115700.3,138223.7
28,2023,3622.8,119454.2,146160.9
29,2015,11587.4,308009.9,259350
29,2016,12615.5,308423.3,267048.6
29,2017,13523.8,311273.8,273774.2
29,2018,13440.7,314182.4,286084.3
29,2019,13752.3,321329.1,297492.6
29,2020,14091.9,316158.6,321316.7
29,2021,14664.8,331578,351191.9
29,2022,13531.7,337225.4,361652.1
29,2023,13764.9,346895.3,387601.3
30,2015,2668.9,47765.6,44583.3
30,2016,2669.8,47189.6,45283.3
30,2017,2677.1,48470.5,48003.3
30,2018,2759.3,49455,50352
30,2019,2794.8,50263.5,53402.3
30,2020,2931.1,50062.9,58241.5
30,2021,3152.9,53345.9,65539.6
30,2022,3196.6,55806.9,69666.5
30,2023,3165.6,58604.9,74870.4
31,2015,4608.3,119640.8,94681.7
31,2016,4763.7,121303.1,93559.7
31,2017,5086.4,123219.9,95823.7
31,2018,5184,125543.4,100067.8
31,2019,5454.1,127568.9,104615.9
31,2020,5701.9,126711.2,111734.1
31,2021,5727.2,135166.4,125057.8
31,2022,5455.8,139878.1,130888.6
31,2023,5796.9,147146.5,142166.5
32,2015,8047.8,151055.9,125088.6
32,2016,9126.9,156007.4,129879.1
32,2017,10717.4,163199.1,138847
32,2018,11614.3,168638.5,148408.1
32,2019,12886.7,176029.7,159393
32,2020,13639.9,165924.8,170447.5
32,2021,14007.6,182618.3,192132.9
32,2022,13396.3,194463.9,199226.6
32,2023,13934.8,201158.6,214392.7
33,2015,2393.6,79319.3,72779.6
33,2016,2463.5,80736.1,75229
33,2017,2561,81179.6,78661
33,2018,2602.3,82269.5,82353.7
33,2019,2688.6,84438.2,87724.1
33,2020,2348.9,83682.9,93153.8
33,2021,2739.2,90296.7,102663.3
33,2022,2581.5,91702.1,105210.8
33,2023,2636.7,93645.8,111148.6
34,2015,21526.3,581414.9,530303.1
34,2016,21242.1,587049.7,545301.7
34,2017,21117.5,590086.7,566237.1
34,2018,20977.7,606892.2,591910.4
34,2019,21269.4,618691,625170.3
34,2020,20415.5,598481.3,653214.2
34,2021,20846.4,631158.3,707402.6
34,2022,19180.4,648512.4,719848.2
34,2023,19374.1,662320.1,765228.3
35,2015,3582.3,93503.9,79130.8
35,2016,3579.4,93043.5,80782.3
35,2017,3748.2,93210.1,82354.1
35,2018,3884.5,96077,86179.5
35,2019,4130.7,100342.2,91208.9
35,2020,4066.5,98004,98634.3
35,2021,3984.6,101499.2,107674.3
35,2022,3726.2,104212.8,112280.3
35,2023,4030.2,114059.2,117634.3
36,2015,48804.3,1565835.2,1137082.3
36,2016,51969.4,1590567.8,1176654.7
36,2017,53737.5,1624800.7,1255776.7
36,2018,54280.3,1665186.8,1298669
36,2019,54140.7,1704364.3,1343851.2
36,2020,49029.1,1667234.8,1415644.9
36,2021,49583.2,1750551.2,1515619.3
36,2022,44866.3,1781554.1,1526280.6
36,2023,43942.7,1793384.5,1617130.9
37,2015,19604.1,525229.1,414760.4
37,2016,21416.2,536308.5,429054.9
37,2017,22761.1,546810.1,449817.7
37,2018,23781.3,556573.7,473093.3
37,2019,25020.2,567975,501618.1
37,2020,25119.8,564278.8,541462.5
37,2021,26119,599293.8,604630.7
37,2022,25211.9,620666.5,632926.5
37,2023,25864,643045.8,677170.4
38,2015,4350.8,58694.5,40408.2
38,2016,3906,54756,39232
38,2017,3228.4,56530.2,39743.7
38,2018,2993.4,58516.4,42565.9
38,2019,3138.1,59408.5,43997.2
38,2020,2845.2,56602.8,47122.5
38,2021,2715.3,57351.3,51468.4
38,2022,2466.5,57031.1,55463.3
38,2023,2593.9,62114.7,56452.5
39,2015,22497.8,633274.8,511339.8
39,2016,23348.7,638157.5,521622.5
39,2017,25111.1,652187.5,541289.4
39,2018,25069.9,656212,562523
39,2019,25609.4,674063.9,582299.9
39,2020,25303.7,655730.1,623575
39,2021,25555.1,691630,676718.3
39,2022,23782.4,694473.4,685892.1
39,2023,23601.9,707996.2,730013.2
40,2015,7787.6,193792.6,172726.3
40,2016,7423,190093.5,164709
40,2017,7165.7,192538.6,171995.4
40,2018,7218.1,196030.5,180824
40,2019,7348.3,200072.2,189996.8
40,2020,7253.2,191377,198234.3
40,2021,7266,194991.2,217902.1
40,2022,6585.6,194170.9,233182.3
40,2023,6570.4,207072.7,247300.5
41,2015,8338.2,205581.8,177478.1
41,2016,9243.2,214769.3,186105
41,2017,10077.3,225534.5,197262.3
41,2018,10897.5,234308.3,210044.9
41,2019,11230.1,239794.8,220029.4
41,2020,11422.5,236651.4,240450.4
41,2021,11668.8,250919.9,266544.6
41,2022,11252.5,254237.5,270427.9
41,2023,10977.3,258023.4,286979.9
42,2015,29052.4,734145.1,635818
42,2016,29198.3,744847.1,653328.9
42,2017,30059.4,754318,671702.8
42,2018,30425.6,763855.4,707043.4
42,2019,30646.4,771852.5,729329.5
42,2020,28088.1,738176.1,783389.5
42,2021,29135,766140,833103.4
42,2022,26987.4,776824.7,845037.9
42,2023,26731.9,789918.5,885950
44,2015,2077,58387.9,51775.2
44,2016,2124.2,58630,52514.5
44,2017,2117.1,58771.6,54704.3
44,2018,2247.4,58740.1,56918.9
44,2019,2322.7,60157.6,60337
44,2020,2202.3,58132.3,64996.8
44,2021,2233.9,60660,69245.5
44,2022,2057,61517.3,70880.1
44,2023,2073.4,62119.3,74777.8
45,2015,9807.6,213212.4,192054.7
45,2016,10750.7,220559.3,200027.4
45,2017,11813.2,224937.6,210387.6
45,2018,11917.2,231663.3,219942.1
45,2019,12272.2,239021.3,234295.4
45,2020,12047.3,233294.4,250250.5
45,2021,12303.3,245812,277322.6
45,2022,11822.1,256608.5,288512.6
45,2023,11997.9,266037.8,311235.5
46,2015,1940.4,50860.8,41160.1
46,2016,2008.4,51264.3,41551.5
46,2017,1943.2,51615.1,42989.3
46,2018,2007.9,51937.8,45144
46,2019,2101.3,52510.2,48013.9
46,2020,2184.4,53349.2,52908.8
46,2021,2252,56015.4,60221
46,2022,2147.9,55257.2,63454.7
46,2023,2212.4,57253,68097
47,2015,11200.2,335461.1,277356.1
47,2016,11542.8,343544.9,286532.3
47,2017,12016.2,355417.5,299307.7
47,2018,12496.2,362363.7,316176.5
47,2019,13204.5,370197.4,335601.7
47,2020,13262.2,368057,360094.7
47,2021,14268.6,401673.7,402024.7
47,2022,14432.6,415451.6,417424.4
47,2023,15189.2,428276.1,453765.7
48,2015,86858.7,1634127.1,1281170.1
48,2016,88504.9,1633863.3,1276330.6
48,2017,88478.1,1667313,1367826
48,2018,87963,1746543.3,1463789.8
48,2019,90412.5,1806736.1,1537205.7
48,2020,88221,1782738.2,1602962.6
48,2021,88534.6,1905512.4,1786060.9
48,2022,84946.7,1975164,1920254.6
48,2023,85807.6,2137536.7,2074225.2
49,2015,9654.3,155431.5,119661.5
49,2016,10599.8,162528.2,126540.6
49,2017,11447.2,172075,134546.7
49,2018,12156.1,182106,144645.5
49,2019,12894.3,192760.6,155711.5
49,2020,14271,195323.2,169991.6
49,2021,15266.1,211289.5,194799.1
49,2022,15033.5,217848.8,206055.7
49,2023,15018,226322.1,222237.8
50,2015,1170.5,32042.9,30598
50,2016,1196.9,32312.7,31073.3
50,2017,1195.4,32589.2,31960.2
50,2018,1162.8,32827.8,33117.1
50,2019,1147.5,33339.4,34838
50,2020,1086.4,32408.7,37392.8
50,2021,1138.7,33584.3,39552.8
50,2022,1067.1,34915.9,41336.5
50,2023,1095.3,35499.4,44058.6
51,2015,21812.4,498943.6,433088.2
51,2016,22406.8,505107.7,444691.4
51,2017,23295.5,515167.2,462372.2
51,2018,23424.5,527767.5,479766.6
51,2019,24028.6,541028,501770.8
51,2020,24451.1,535224.4,530771.6
51,2021,25055.9,565790.7,582077.9
51,2022,23703,579301.8,604039.5
51,2023,23706.8,599261,645405.9
53,2015,19294.5,476715.4,376360.8
53,2016,21198.2,495724.9,397270.6
53,2017,22953.2,527169.4,423017.2
53,2018,24997.8,561785.7,451609.2
53,2019,25133.2,588794.4,484540.9
53,2020,24715.4,587167.8,522862.2
53,2021,25835.8,626122.2,572644.9
53,2022,24036.8,643017.6,592733
53,2023,23113.5,670977.8,637129.4
54,2015,3650.9,74261.4,68437.8
54,2016,3243.8,73513.3,68067.9
54,2017,3454.4,75172.4,70797.6
54,2018,4766.9,77406.5,74235
54,2019,3808.1,77162.2,76725
54,2020,3004.3,74729.6,80440.3
54,2021,2991,76230.8,87322.5
54,2022,2627.5,77549.1,88990.1
54,2023,2780.4,80364.9,93771
55,2015,12398.5,315687.8,266132
55,2016,12804.8,319272.3,270846.6
55,2017,13297.1,321886.8,281979.5
55,2018,13728.6,328832.4,295996.8
55,2019,13909,333256.8,307947.5
55,2020,13805.7,324014.4,327298.4
55,2021,14088.5,334848.6,357005.4
55,2022,13087,341875.2,365050.1
55,2023,13173.9,347108.2,384719.8
56,2015,2414.1,40063.9,32755.6
56,2016,2147.4,37853.5,31090.1
56,2017,1936.4,37620.3,32487.4
56,2018,1978.7,37977.2,34025.2
56,2019,2250.1,38577.1,35585.6
56,2020,2113.3,36463.5,37602.9
56,2021,2088.7,37182.6,41420.5
56,2022,1892.6,37690.6,45259.3
56,2023,1965.9,39843.2,48583
