state_fips,year,private_nonresidential_nominal_million_usd,private_nonresidential_nominal_million_usd_source_file,state_local_construction_nominal_million_usd,state_local_construction_nominal_million_usd_source_file
01,2015,2904,nrstatehs1,3569,slstatehs
01,2016,3090,nrstatehs1,3392,slstatehs
01,2017,3156,nrstatehs1,2874,slstatehs
01,2018,4165,nrstatehs1,3360,slstatehs
01,2019,4844,nrstatehs1,3802,slstatehs
01,2020,5855,nrstatehs1,3936,slstatehs
01,2021,5083,nrstatehs1,3025,slstatehs
01,2022,4657,nrstate,3949,slstate
01,2023,7006,nrstate,4841,slstate
02,2015,475,nrstatehs1,3263,slstatehs
02,2016,224,nrstatehs1,2618,slstatehs
02,2017,236,nrstatehs1,1586,slstatehs
02,2018,352,nrstatehs1,1352,slstatehs
02,2019,494,nrstatehs1,1494,slstatehs
02,2020,273,nrstatehs1,1232,slstatehs
02,2021,201,nrstatehs1,1537,slstatehs
02,2022,659,nrstate,1389,slstate
02,2023,483,nrstate,1949,slstate
04,2015,3498,nrstatehs1,2817,slstatehs
04,2016,4006,nrstatehs1,2824,slstatehs
04,2017,3944,nrstatehs1,4253,slstatehs
04,2018,5685,nrstatehs1,4169,slstatehs
04,2019,8287,nrstatehs1,4596,slstatehs
04,2020,9581,nrstatehs1,5197,slstatehs
04,2021,14250,nrstatehs1,4398,slstatehs
04,2022,33105,nrstate,4526,slstate
04,2023,46279,nrstate,4888,slstate
05,2015,2654,nrstatehs1,1976,slstatehs
05,2016,2319,nrstatehs1,2816,slstatehs
05,2017,2155,nrstatehs1,2586,slstatehs
05,2018,2257,nrstatehs1,3491,slstatehs
05,2019,3345,nrstatehs1,2223,slstatehs
05,2020,2820,nrstatehs1,2913,slstatehs
05,2021,2553,nrstatehs1,2827,slstatehs
05,2022,3634,nrstate,3145,slstate
05,2023,6047,nrstate,4853,slstate
06,2015,19908,nrstatehs1,32749,slstatehs
06,2016,26305,nrstatehs1,30438,slstatehs
06,2017,30230,nrstatehs1,32872,slstatehs
06,2018,30416,nrstatehs1,37287,slstatehs
06,2019,25729,nrstatehs1,41249,slstatehs
06,2020,22429,nrstatehs1,44735,slstatehs
06,2021,24497,nrstatehs1,45622,slstatehs
06,2022,33989,nrstate,45931,slstate
06,2023,35930,nrstate,46676,slstate
08,2015,5821,nrstatehs1,4717,slstatehs
08,2016,7040,nrstatehs1,5323,slstatehs
08,2017,7424,nrstatehs1,7190,slstatehs
08,2018,6555,nrstatehs1,6807,slstatehs
08,2019,6158,nrstatehs1,5663,slstatehs
08,2020,6649,nrstatehs1,7025,slstatehs
08,2021,6287,nrstatehs1,6322,slstatehs
08,2022,7589,nrstate,6463,slstate
08,2023,8338,nrstate,7577,slstate
09,2015,1920,nrstatehs1,3304,slstatehs
09,2016,1933,nrstatehs1,3242,slstatehs
09,2017,2011,nrstatehs1,2398,slstatehs
09,2018,2325,nrstatehs1,2695,slstatehs
09,2019,2627,nrstatehs1,2852,slstatehs
09,2020,2838,nrstatehs1,2903,slstatehs
09,2021,2048,nrstatehs1,2857,slstatehs
09,2022,1895,nrstate,2860,slstate
09,2023,2828,nrstate,3446,slstate
10,2015,478,nrstatehs1,748,slstatehs
10,2016,667,nrstatehs1,801,slstatehs
10,2017,1034,nrstatehs1,899,slstatehs
10,2018,1206,nrstatehs1,1067,slstatehs
10,2019,1476,nrstatehs1,979,slstatehs
10,2020,1225,nrstatehs1,776,slstatehs
10,2021,1300,nrstatehs1,929,slstatehs
10,2022,1220,nrstate,1253,slstate
10,2023,1297,nrstate,1733,slstate
12,2015,12741,nrstatehs1,12227,slstatehs
12,2016,14298,nrstatehs1,12846,slstatehs
12,2017,16886,nrstatehs1,13446,slstatehs
12,2018,19746,nrstatehs1,13943,slstatehs
12,2019,23824,nrstatehs1,15617,slstatehs
12,2020,23864,nrstatehs1,16546,slstatehs
12,2021,23031,nrstatehs1,17076,slstatehs
12,2022,31541,nrstate,18081,slstate
12,2023,35729,nrstate,23950,slstate
13,2015,7782,nrstatehs1,5607,slstatehs
13,2016,8726,nrstatehs1,6840,slstatehs
13,2017,9248,nrstatehs1,6620,slstatehs
13,2018,9420,nrstatehs1,7938,slstatehs
13,2019,11115,nrstatehs1,8665,slstatehs
13,2020,10858,nrstatehs1,7974,slstatehs
13,2021,10320,nrstatehs1,7661,slstatehs
13,2022,16901,nrstate,9303,slstate
13,2023,29207,nrstate,11510,slstate
15,2015,1740,nrstatehs1,2310,slstatehs
15,2016,1737,nrstatehs1,2196,slstatehs
15,2017,1525,nrstatehs1,2390,slstatehs
15,2018,1454,nrstatehs1,2972,slstatehs
15,2019,1021,nrstatehs1,3256,slstatehs
15,2020,876,nrstatehs1,3113,slstatehs
15,2021,523,nrstatehs1,2263,slstatehs
15,2022,598,nrstate,2244,slstate
15,2023,956,nrstate,3153,slstate
16,2015,931,nrstatehs1,662,slstatehs
16,2016,1394,nrstatehs1,992,slstatehs
16,2017,1338,nrstatehs1,1148,slstatehs
16,2018,1609,nrstatehs1,1262,slstatehs
16,2019,1664,nrstatehs1,1166,slstatehs
16,2020,1697,nrstatehs1,1358,slstatehs
16,2021,2178,nrstatehs1,1215,slstatehs
16,2022,3487,nrstate,1738,slstate
16,2023,6242,nrstate,2026,slstate
17,2015,9976,nrstatehs1,10828,slstatehs
17,2016,9748,nrstatehs1,9893,slstatehs
17,2017,8799,nrstatehs1,9416,slstatehs
17,2018,8989,nrstatehs1,9095,slstatehs
17,2019,8761,nrstatehs1,9351,slstatehs
17,2020,8542,nrstatehs1,12209,slstatehs
17,2021,8855,nrstatehs1,12497,slstatehs
17,2022,10463,nrstate,12688,slstate
17,2023,12452,nrstate,14974,slstate
18,2015,6269,nrstatehs1,4785,slstatehs
18,2016,5232,nrstatehs1,5625,slstatehs
18,2017,5824,nrstatehs1,4292,slstatehs
18,2018,5718,nrstatehs1,5037,slstatehs
18,2019,6452,nrstatehs1,5751,slstatehs
18,2020,6511,nrstatehs1,6650,slstatehs
18,2021,5656,nrstatehs1,6103,slstatehs
18,2022,7701,nrstate,6862,slstate
18,2023,11824,nrstate,9036,slstate
19,2015,7399,nrstatehs1,4699,slstatehs
19,2016,6193,nrstatehs1,4338,slstatehs
19,2017,5037,nrstatehs1,3551,slstatehs
19,2018,5154,nrstatehs1,3203,slstatehs
19,2019,4155,nrstatehs1,4670,slstatehs
19,2020,4793,nrstatehs1,5675,slstatehs
19,2021,4704,nrstatehs1,4745,slstatehs
19,2022,5797,nrstate,4599,slstate
19,2023,5666,nrstate,5819,slstate
20,2015,2580,nrstatehs1,2723,slstatehs
20,2016,3127,nrstatehs1,3695,slstatehs
20,2017,3044,nrstatehs1,2324,slstatehs
20,2018,3442,nrstatehs1,2350,slstatehs
20,2019,3036,nrstatehs1,2785,slstatehs
20,2020,3274,nrstatehs1,3760,slstatehs
20,2021,3768,nrstatehs1,2817,slstatehs
20,2022,4850,nrstate,3346,slstate
20,2023,8407,nrstate,3951,slstate
21,2015,3744,nrstatehs1,4195,slstatehs
21,2016,4101,nrstatehs1,3633,slstatehs
21,2017,4400,nrstatehs1,3595,slstatehs
21,2018,4975,nrstatehs1,3673,slstatehs
21,2019,6458,nrstatehs1,3258,slstatehs
21,2020,5890,nrstatehs1,2454,slstatehs
21,2021,5535,nrstatehs1,2727,slstatehs
21,2022,7453,nrstate,3891,slstate
21,2023,9128,nrstate,4689,slstate
22,2015,14874,nrstatehs1,5200,slstatehs
22,2016,15254,nrstatehs1,3993,slstatehs
22,2017,15055,nrstatehs1,4265,slstatehs
22,2018,13259,nrstatehs1,3958,slstatehs
22,2019,10750,nrstatehs1,3129,slstatehs
22,2020,7120,nrstatehs1,3627,slstatehs
22,2021,5247,nrstatehs1,4336,slstatehs
22,2022,6818,nrstate,4996,slstate
22,2023,8744,nrstate,5797,slstate
23,2015,667,nrstatehs1,647,slstatehs
23,2016,495,nrstatehs1,542,slstatehs
23,2017,609,nrstatehs1,416,slstatehs
23,2018,605,nrstatehs1,705,slstatehs
23,2019,882,nrstatehs1,1403,slstatehs
23,2020,885,nrstatehs1,1505,slstatehs
23,2021,1189,nrstatehs1,1442,slstatehs
23,2022,1157,nrstate,1401,slstate
23,2023,935,nrstate,1572,slstate
24,2015,3809,nrstatehs1,5696,slstatehs
24,2016,4370,nrstatehs1,5764,slstatehs
24,2017,3569,nrstatehs1,5451,slstatehs
24,2018,4368,nrstatehs1,5023,slstatehs
24,2019,4429,nrstatehs1,5750,slstatehs
24,2020,4298,nrstatehs1,5579,slstatehs
24,2021,4260,nrstatehs1,5043,slstatehs
24,2022,5084,nrstate,5951,slstate
24,2023,5599,nrstate,6570,slstate
25,2015,8032,nrstatehs1,7346,slstatehs
25,2016,8868,nrstatehs1,6260,slstatehs
25,2017,11080,nrstatehs1,5891,slstatehs
25,2018,11720,nrstatehs1,5985,slstatehs
25,2019,11285,nrstatehs1,6977,slstatehs
25,2020,11310,nrstatehs1,7815,slstatehs
25,2021,13288,nrstatehs1,7906,slstatehs
25,2022,13715,nrstate,8512,slstate
25,2023,13909,nrstate,9563,slstate
26,2015,6498,nrstatehs1,6038,slstatehs
26,2016,7188,nrstatehs1,5224,slstatehs
26,2017,7417,nrstatehs1,5636,slstatehs
26,2018,7369,nrstatehs1,5291,slstatehs
26,2019,8981,nrstatehs1,5474,slstatehs
26,2020,8429,nrstatehs1,7499,slstatehs
26,2021,6787,nrstatehs1,8170,slstatehs
26,2022,8273,nrstate,7639,slstate
26,2023,12355,nrstate,10357,slstate
27,2015,4939,nrstatehs1,6806,slstatehs
27,2016,4564,nrstatehs1,7260,slstatehs
27,2017,4555,nrstatehs1,6726,slstatehs
27,2018,5104,nrstatehs1,6477,slstatehs
27,2019,5877,nrstatehs1,8125,slstatehs
27,2020,5170,nrstatehs1,9009,slstatehs
27,2021,4455,nrstatehs1,8683,slstatehs
27,2022,5662,nrstate,9532,slstate
27,2023,5716,nrstate,9124,slstate
28,2015,1902,nrstatehs1,1509,slstatehs
28,2016,856,nrstatehs1,2211,slstatehs
28,2017,683,nrstatehs1,2535,slstatehs
28,2018,1134,nrstatehs1,2234,slstatehs
28,2019,1243,nrstatehs1,1518,slstatehs
28,2020,991,nrstatehs1,2183,slstatehs
28,2021,976,nrstatehs1,1782,slstatehs
28,2022,1122,nrstate,2341,slstate
28,2023,1700,nrstate,4082,slstate
29,2015,4083,nrstatehs1,3399,slstatehs
29,2016,4830,nrstatehs1,3780,slstatehs
29,2017,5161,nrstatehs1,4112,slstatehs
29,2018,5791,nrstatehs1,2973,slstatehs
29,2019,6354,nrstatehs1,3158,slstatehs
29,2020,5163,nrstatehs1,3570,slstatehs
29,2021,5532,nrstatehs1,4166,slstatehs
29,2022,6755,nrstate,5211,slstate
29,2023,7650,nrstate,6486,slstate
30,2015,1272,nrstatehs1,873,slstatehs
30,2016,841,nrstatehs1,930,slstatehs
30,2017,869,nrstatehs1,1104,slstatehs
30,2018,765,nrstatehs1,1565,slstatehs
30,2019,812,nrstatehs1,1257,slstatehs
30,2020,850,nrstatehs1,1499,slstatehs
30,2021,1026,nrstatehs1,1697,slstatehs
30,2022,1388,nrstate,1302,slstate
30,2023,1290,nrstate,1866,slstate
31,2015,1612,nrstatehs1,2556,slstatehs
31,2016,2068,nrstatehs1,2645,slstatehs
31,2017,2254,nrstatehs1,1878,slstatehs
31,2018,2863,nrstatehs1,1793,slstatehs
31,2019,2614,nrstatehs1,1626,slstatehs
31,2020,2536,nrstatehs1,2193,slstatehs
31,2021,2485,nrstatehs1,3011,slstatehs
31,2022,3399,nrstate,3138,slstate
31,2023,4786,nrstate,3305,slstate
32,2015,5830,nrstatehs1,2216,slstatehs
32,2016,6482,nrstatehs1,2649,slstatehs
32,2017,4867,nrstatehs1,2340,slstatehs
32,2018,4247,nrstatehs1,2949,slstatehs
32,2019,4517,nrstatehs1,4491,slstatehs
32,2020,5145,nrstatehs1,3683,slstatehs
32,2021,5952,nrstatehs1,3080,slstatehs
32,2022,7073,nrstate,2892,slstate
32,2023,8278,nrstate,4165,slstate
33,2015,564,nrstatehs1,751,slstatehs
33,2016,627,nrstatehs1,871,slstatehs
33,2017,893,nrstatehs1,885,slstatehs
33,2018,713,nrstatehs1,887,slstatehs
33,2019,726,nrstatehs1,624,slstatehs
33,2020,630,nrstatehs1,544,slstatehs
33,2021,886,nrstatehs1,777,slstatehs
33,2022,1012,nrstate,990,slstate
33,2023,1322,nrstate,1214,slstate
34,2015,4340,nrstatehs1,6704,slstatehs
34,2016,4833,nrstatehs1,6940,slstatehs
34,2017,6475,nrstatehs1,5135,slstatehs
34,2018,6982,nrstatehs1,5490,slstatehs
34,2019,6975,nrstatehs1,5918,slstatehs
34,2020,6202,nrstatehs1,6627,slstatehs
34,2021,6526,nrstatehs1,5883,slstatehs
34,2022,8086,nrstate,6625,slstate
34,2023,8214,nrstate,8119,slstate
35,2015,1401,nrstatehs1,1584,slstatehs
35,2016,1128,nrstatehs1,1387,slstatehs
35,2017,1791,nrstatehs1,1282,slstatehs
35,2018,1897,nrstatehs1,1682,slstatehs
35,2019,1570,nrstatehs1,1662,slstatehs
35,2020,1653,nrstatehs1,1912,slstatehs
35,2021,1573,nrstatehs1,1463,slstatehs
35,2022,3045,nrstate,1952,slstate
35,2023,3617,nrstate,2412,slstate
36,2015,24596,nrstatehs1,21448,slstatehs
36,2016,30901,nrstatehs1,20434,slstatehs
36,2017,27879,nrstatehs1,20392,slstatehs
36,2018,31481,nrstatehs1,21217,slstatehs
36,2019,32538,nrstatehs1,24578,slstatehs
36,2020,32002,nrstatehs1,25594,slstatehs
36,2021,31258,nrstatehs1,23308,slstatehs
36,2022,30554,nrstate,24605,slstate
36,2023,31807,nrstate,28212,slstate
37,2015,5218,nrstatehs1,5717,slstatehs
37,2016,7751,nrstatehs1,6823,slstatehs
37,2017,9617,nrstatehs1,6610,slstatehs
37,2018,10159,nrstatehs1,7677,slstatehs
37,2019,10193,nrstatehs1,9745,slstatehs
37,2020,8389,nrstatehs1,8432,slstatehs
37,2021,7892,nrstatehs1,7673,slstatehs
37,2022,13081,nrstate,8983,slstate
37,2023,19078,nrstate,10661,slstate
38,2015,2028,nrstatehs1,3185,slstatehs
38,2016,2880,nrstatehs1,2914,slstatehs
38,2017,1668,nrstatehs1,2515,slstatehs
38,2018,1220,nrstatehs1,1421,slstatehs
38,2019,1461,nrstatehs1,1652,slstatehs
38,2020,1282,nrstatehs1,1609,slstatehs
38,2021,1310,nrstatehs1,2308,slstatehs
38,2022,1682,nrstate,2180,slstate
38,2023,2851,nrstate,2293,slstate
39,2015,7446,nrstatehs1,8804,slstatehs
39,2016,8550,nrstatehs1,9430,slstatehs
39,2017,8698,nrstatehs1,8515,slstatehs
39,2018,9686,nrstatehs1,9044,slstatehs
39,2019,10145,nrstatehs1,9926,slstatehs
39,2020,11647,nrstatehs1,9988,slstatehs
39,2021,12532,nrstatehs1,10094,slstatehs
39,2022,14308,nrstate,9742,slstate
39,2023,31505,nrstate,13269,slstate
40,2015,4676,nrstatehs1,5622,slstatehs
40,2016,4035,nrstatehs1,5376,slstatehs
40,2017,3872,nrstatehs1,4226,slstatehs
40,2018,3848,nrstatehs1,3701,slstatehs
40,2019,4297,nrstatehs1,4339,slstatehs
40,2020,3308,nrstatehs1,3767,slstatehs
40,2021,3879,nrstatehs1,3728,slstatehs
40,2022,4529,nrstate,4685,slstate
40,2023,4657,nrstate,5460,slstate
41,2015,3375,nrstatehs1,2429,slstatehs
41,2016,3498,nrstatehs1,2793,slstatehs
41,2017,3858,nrstatehs1,3882,slstatehs
41,2018,4387,nrstatehs1,4591,slstatehs
41,2019,5244,nrstatehs1,4860,slstatehs
41,2020,6319,nrstatehs1,5260,slstatehs
41,2021,4951,nrstatehs1,5440,slstatehs
41,2022,5133,nrstate,6395,slstate
41,2023,4304,nrstate,7195,slstate
42,2015,7640,nrstatehs1,9280,slstatehs
42,2016,7138,nrstatehs1,8406,slstatehs
42,2017,8245,nrstatehs1,7470,slstatehs
42,2018,12638,nrstatehs1,8141,slstatehs
42,2019,13214,nrstatehs1,9698,slstatehs
42,2020,11843,nrstatehs1,9268,slstatehs
42,2021,11875,nrstatehs1,8752,slstatehs
42,2022,11819,nrstate,9860,slstate
42,2023,12123,nrstate,12134,slstate
44,2015,500,nrstatehs1,573,slstatehs
44,2016,530,nrstatehs1,648,slstatehs
44,2017,874,nrstatehs1,553,slstatehs
44,2018,1187,nrstatehs1,721,slstatehs
44,2019,1517,nrstatehs1,813,slstatehs
44,2020,1202,nrstatehs1,855,slstatehs
44,2021,637,nrstatehs1,807,slstatehs
44,2022,707,nrstate,898,slstate
44,2023,963,nrstate,974,slstate
45,2015,3420,nrstatehs1,2853,slstatehs
45,2016,5141,nrstatehs1,4559,slstatehs
45,2017,5639,nrstatehs1,4989,slstatehs
45,2018,6464,nrstatehs1,5231,slstatehs
45,2019,5765,nrstatehs1,4788,slstatehs
45,2020,3780,nrstatehs1,4636,slstatehs
45,2021,4300,nrstatehs1,3834,slstatehs
45,2022,3693,nrstate,4291,slstate
45,2023,5327,nrstate,5213,slstate
46,2015,646,nrstatehs1,1259,slstatehs
46,2016,959,nrstatehs1,1495,slstatehs
46,2017,1602,nrstatehs1,1223,slstatehs
46,2018,2304,nrstatehs1,920,slstatehs
46,2019,1441,nrstatehs1,1525,slstatehs
46,2020,887,nrstatehs1,1950,slstatehs
46,2021,1076,nrstatehs1,2463,slstatehs
46,2022,1929,nrstate,1745,slstate
46,2023,1857,nrstate,3004,slstate
47,2015,5271,nrstatehs1,3326,slstatehs
47,2016,5037,nrstatehs1,3367,slstatehs
47,2017,6090,nrstatehs1,3565,slstatehs
47,2018,6912,nrstatehs1,3673,slstatehs
47,2019,7837,nrstatehs1,5453,slstatehs
47,2020,8814,nrstatehs1,5504,slstatehs
47,2021,9497,nrstatehs1,4349,slstatehs
47,2022,13728,nrstate,4589,slstate
47,2023,14940,nrstate,6383,slstate
48,2015,46334,nrstatehs1,26951,slstatehs
48,2016,52075,nrstatehs1,28084,slstatehs
48,2017,45980,nrstatehs1,31623,slstatehs
48,2018,41387,nrstatehs1,33705,slstatehs
48,2019,48643,nrstatehs1,36518,slstatehs
48,2020,52773,nrstatehs1,41049,slstatehs
48,2021,52561,nrstatehs1,40341,slstatehs
48,2022,65142,nrstate,44295,slstate
48,2023,91296,nrstate,51079,slstate
49,2015,1847,nrstatehs1,3647,slstatehs
49,2016,2027,nrstatehs1,2977,slstatehs
49,2017,2482,nrstatehs1,3371,slstatehs
49,2018,2081,nrstatehs1,3789,slstatehs
49,2019,2407,nrstatehs1,4490,slstatehs
49,2020,2855,nrstatehs1,5373,slstatehs
49,2021,3270,nrstatehs1,5103,slstatehs
49,2022,3563,nrstate,5351,slstate
49,2023,4758,nrstate,9235,slstate
50,2015,440,nrstatehs1,279,slstatehs
50,2016,542,nrstatehs1,253,slstatehs
50,2017,605,nrstatehs1,519,slstatehs
50,2018,447,nrstatehs1,615,slstatehs
50,2019,382,nrstatehs1,192,slstatehs
50,2020,286,nrstatehs1,339,slstatehs
50,2021,316,nrstatehs1,819,slstatehs
50,2022,434,nrstate,667,slstate
50,2023,452,nrstate,597,slstate
51,2015,4023,nrstatehs1,6321,slstatehs
51,2016,5386,nrstatehs1,5959,slstatehs
51,2017,6838,nrstatehs1,6118,slstatehs
51,2018,7256,nrstatehs1,7339,slstatehs
51,2019,8251,nrstatehs1,7812,slstatehs
51,2020,9550,nrstatehs1,7877,slstatehs
51,2021,9147,nrstatehs1,8968,slstatehs
51,2022,12468,nrstate,9026,slstate
51,2023,15522,nrstate,10751,slstate
53,2015,6824,nrstatehs1,7828,slstatehs
53,2016,7069,nrstatehs1,9688,slstatehs
53,2017,7744,nrstatehs1,11013,slstatehs
53,2018,8229,nrstatehs1,10728,slstatehs
53,2019,7297,nrstatehs1,13050,slstatehs
53,2020,6620,nrstatehs1,12730,slstatehs
53,2021,8626,nrstatehs1,12648,slstatehs
53,2022,9896,nrstate,12451,slstate
53,2023,11494,nrstate,12491,slstate
54,2015,494,nrstatehs1,1448,slstatehs
54,2016,321,nrstatehs1,1340,slstatehs
54,2017,286,nrstatehs1,1504,slstatehs
54,2018,498,nrstatehs1,1134,slstatehs
54,2019,602,nrstatehs1,1899,slstatehs
54,2020,477,nrstatehs1,2082,slstatehs
54,2021,595,nrstatehs1,1721,slstatehs
54,2022,949,nrstate,1565,slstate
54,2023,1148,nrstate,2416,slstate
55,2015,3852,nrstatehs1,4809,slstatehs
55,2016,3739,nrstatehs1,5620,slstatehs
55,2017,4174,nrstatehs1,5762,slstatehs
55,2018,5476,nrstatehs1,5143,slstatehs
55,2019,6536,nrstatehs1,6062,slstatehs
55,2020,7562,nrstatehs1,6275,slstatehs
55,2021,5903,nrstatehs1,6259,slstatehs
55,2022,6000,nrstate,6737,slstate
55,2023,6879,nrstate,8799,slstate
56,2015,946,nrstatehs1,1590,slstatehs
56,2016,585,nrstatehs1,1472,slstatehs
56,2017,474,nrstatehs1,971,slstatehs
56,2018,351,nrstatehs1,876,slstatehs
56,2019,479,nrstatehs1,774,slstatehs
56,2020,676,nrstatehs1,691,slstatehs
56,2021,792,nrstatehs1,871,slstatehs
56,2022,769,nrstate,1325,slstate
56,2023,783,nrstate,1383,slstate
