state_fips,year,active_stone_mines,stone_mine_employees,stone_mine_employee_hours,stone_mine_operations,msha_no_qualifying_activity,msha_uses_current_commodity,msha_activity_not_rated_capacity
01,2015,68,659,1421475,68,FALSE,TRUE,TRUE
01,2016,70,697,1488612,70,FALSE,TRUE,TRUE
01,2017,69,663,1440006,69,FALSE,TRUE,TRUE
01,2018,74,677,1429150,74,FALSE,TRUE,TRUE
01,2019,75,731,1571504,75,FALSE,TRUE,TRUE
01,2020,74,740,1545264,74,FALSE,TRUE,TRUE
01,2021,76,752,1623449,76,FALSE,TRUE,TRUE
01,2022,78,797,1709666,78,FALSE,TRUE,TRUE
01,2023,80,831,1740619,80,FALSE,TRUE,TRUE
02,2015,27,108,88933,27,FALSE,TRUE,TRUE
02,2016,20,80,90436,20,FALSE,TRUE,TRUE
02,2017,24,102,120197,24,FALSE,TRUE,TRUE
02,2018,22,109,180021,22,FALSE,TRUE,TRUE
02,2019,20,125,179097,20,FALSE,TRUE,TRUE
02,2020,22,110,111102,22,FALSE,TRUE,TRUE
02,2021,18,90,66807,18,FALSE,TRUE,TRUE
02,2022,19,66,47882,19,FALSE,TRUE,TRUE
02,2023,19,72,60315,19,FALSE,TRUE,TRUE
04,2015,63,515,1013293,63,FALSE,TRUE,TRUE
04,2016,64,513,1026507,64,FALSE,TRUE,TRUE
04,2017,64,507,965443,64,FALSE,TRUE,TRUE
04,2018,62,505,968167,62,FALSE,TRUE,TRUE
04,2019,62,505,990933,62,FALSE,TRUE,TRUE
04,2020,59,491,948101,59,FALSE,TRUE,TRUE
04,2021,60,514,991799,60,FALSE,TRUE,TRUE
04,2022,57,521,1046952,57,FALSE,TRUE,TRUE
04,2023,56,462,858649,56,FALSE,TRUE,TRUE
05,2015,91,856,1793323,91,FALSE,TRUE,TRUE
05,2016,94,836,1775837,94,FALSE,TRUE,TRUE
05,2017,89,822,1775624,89,FALSE,TRUE,TRUE
05,2018,87,823,1724492,87,FALSE,TRUE,TRUE
05,2019,88,784,1647083,88,FALSE,TRUE,TRUE
05,2020,86,825,1706905,86,FALSE,TRUE,TRUE
05,2021,87,836,1746039,87,FALSE,TRUE,TRUE
05,2022,88,844,1773151,88,FALSE,TRUE,TRUE
05,2023,92,806,1679366,92,FALSE,TRUE,TRUE
06,2015,117,984,1796176,117,FALSE,TRUE,TRUE
06,2016,118,991,1866024,118,FALSE,TRUE,TRUE
06,2017,121,1061,2019858,121,FALSE,TRUE,TRUE
06,2018,116,1067,2036583,116,FALSE,TRUE,TRUE
06,2019,117,1087,2023657,117,FALSE,TRUE,TRUE
06,2020,116,1051,1934011,116,FALSE,TRUE,TRUE
06,2021,111,1001,1862082,111,FALSE,TRUE,TRUE
06,2022,109,1020,1975358,109,FALSE,TRUE,TRUE
06,2023,109,1067,2062269,109,FALSE,TRUE,TRUE
08,2015,41,405,809368,41,FALSE,TRUE,TRUE
08,2016,43,437,864569,43,FALSE,TRUE,TRUE
08,2017,44,458,926039,44,FALSE,TRUE,TRUE
08,2018,44,432,833946,44,FALSE,TRUE,TRUE
08,2019,41,403,794904,41,FALSE,TRUE,TRUE
08,2020,40,402,774586,40,FALSE,TRUE,TRUE
08,2021,39,409,818975,39,FALSE,TRUE,TRUE
08,2022,36,404,789522,36,FALSE,TRUE,TRUE
08,2023,33,404,802599,33,FALSE,TRUE,TRUE
09,2015,44,274,496150,44,FALSE,TRUE,TRUE
09,2016,48,330,594619,48,FALSE,TRUE,TRUE
09,2017,50,369,588978,50,FALSE,TRUE,TRUE
09,2018,48,337,573322,48,FALSE,TRUE,TRUE
09,2019,50,324,569291,50,FALSE,TRUE,TRUE
09,2020,50,325,551297,50,FALSE,TRUE,TRUE
09,2021,51,332,559774,51,FALSE,TRUE,TRUE
09,2022,51,345,639394,51,FALSE,TRUE,TRUE
09,2023,55,378,664446,55,FALSE,TRUE,TRUE
10,2015,0,0,0,0,TRUE,TRUE,TRUE
10,2016,0,0,0,0,TRUE,TRUE,TRUE
10,2017,0,0,0,0,TRUE,TRUE,TRUE
10,2018,0,0,0,0,TRUE,TRUE,TRUE
10,2019,0,0,0,0,TRUE,TRUE,TRUE
10,2020,0,0,0,0,TRUE,TRUE,TRUE
10,2021,0,0,0,0,TRUE,TRUE,TRUE
10,2022,0,0,0,0,TRUE,TRUE,TRUE
10,2023,0,0,0,0,TRUE,TRUE,TRUE
12,2015,78,977,2287072,78,FALSE,TRUE,TRUE
12,2016,81,1041,2456130,81,FALSE,TRUE,TRUE
12,2017,82,1106,2572466,82,FALSE,TRUE,TRUE
12,2018,80,1127,2674687,80,FALSE,TRUE,TRUE
12,2019,78,1181,2763374,78,FALSE,TRUE,TRUE
12,2020,74,1167,2744093,74,FALSE,TRUE,TRUE
12,2021,76,1214,2852827,76,FALSE,TRUE,TRUE
12,2022,71,1190,2962597,71,FALSE,TRUE,TRUE
12,2023,73,1284,3143764,73,FALSE,TRUE,TRUE
13,2015,109,731,1490263,109,FALSE,TRUE,TRUE
13,2016,107,744,1574922,107,FALSE,TRUE,TRUE
13,2017,104,789,1632764,104,FALSE,TRUE,TRUE
13,2018,103,791,1649093,103,FALSE,TRUE,TRUE
13,2019,101,794,1661620,101,FALSE,TRUE,TRUE
13,2020,98,802,1645277,98,FALSE,TRUE,TRUE
13,2021,100,783,1649755,100,FALSE,TRUE,TRUE
13,2022,100,829,1744715,100,FALSE,TRUE,TRUE
13,2023,101,900,1877621,101,FALSE,TRUE,TRUE
15,2015,26,260,518035,26,FALSE,TRUE,TRUE
15,2016,26,257,475177,26,FALSE,TRUE,TRUE
15,2017,23,257,505733,23,FALSE,TRUE,TRUE
15,2018,21,250,508456,21,FALSE,TRUE,TRUE
15,2019,20,242,510898,20,FALSE,TRUE,TRUE
15,2020,20,241,507323,20,FALSE,TRUE,TRUE
15,2021,20,255,499895,20,FALSE,TRUE,TRUE
15,2022,20,246,496355,20,FALSE,TRUE,TRUE
15,2023,20,256,541043,20,FALSE,TRUE,TRUE
16,2015,32,268,337327,32,FALSE,TRUE,TRUE
16,2016,33,282,313776,33,FALSE,TRUE,TRUE
16,2017,31,278,284632,31,FALSE,TRUE,TRUE
16,2018,30,268,315428,30,FALSE,TRUE,TRUE
16,2019,31,268,305463,31,FALSE,TRUE,TRUE
16,2020,29,220,216914,29,FALSE,TRUE,TRUE
16,2021,31,272,319310,31,FALSE,TRUE,TRUE
16,2022,31,260,308494,31,FALSE,TRUE,TRUE
16,2023,31,257,349232,31,FALSE,TRUE,TRUE
17,2015,117,725,1411945,117,FALSE,TRUE,TRUE
17,2016,112,731,1465463,112,FALSE,TRUE,TRUE
17,2017,112,731,1419264,112,FALSE,TRUE,TRUE
17,2018,110,738,1429424,110,FALSE,TRUE,TRUE
17,2019,112,734,1425330,112,FALSE,TRUE,TRUE
17,2020,114,735,1512881,114,FALSE,TRUE,TRUE
17,2021,113,722,1433941,113,FALSE,TRUE,TRUE
17,2022,110,709,1392627,110,FALSE,TRUE,TRUE
17,2023,104,721,1517809,104,FALSE,TRUE,TRUE
18,2015,94,620,1286739,94,FALSE,TRUE,TRUE
18,2016,95,664,1367142,95,FALSE,TRUE,TRUE
18,2017,99,649,1328005,99,FALSE,TRUE,TRUE
18,2018,98,653,1310673,98,FALSE,TRUE,TRUE
18,2019,97,650,1354773,97,FALSE,TRUE,TRUE
18,2020,96,688,1393438,96,FALSE,TRUE,TRUE
18,2021,95,658,1320248,95,FALSE,TRUE,TRUE
18,2022,92,765,1318683,92,FALSE,TRUE,TRUE
18,2023,95,674,1373533,95,FALSE,TRUE,TRUE
19,2015,123,797,1496234,123,FALSE,TRUE,TRUE
19,2016,122,791,1533293,122,FALSE,TRUE,TRUE
19,2017,122,811,1479809,122,FALSE,TRUE,TRUE
19,2018,125,808,1426917,125,FALSE,TRUE,TRUE
19,2019,123,779,1412356,123,FALSE,TRUE,TRUE
19,2020,132,827,1506522,132,FALSE,TRUE,TRUE
19,2021,129,831,1455302,129,FALSE,TRUE,TRUE
19,2022,135,837,1521463,135,FALSE,TRUE,TRUE
19,2023,129,810,1487668,129,FALSE,TRUE,TRUE
20,2015,90,585,962967,90,FALSE,TRUE,TRUE
20,2016,92,592,1056768,92,FALSE,TRUE,TRUE
20,2017,101,582,1011717,101,FALSE,TRUE,TRUE
20,2018,98,544,906998,98,FALSE,TRUE,TRUE
20,2019,96,516,926729,96,FALSE,TRUE,TRUE
20,2020,102,574,1078593,102,FALSE,TRUE,TRUE
20,2021,107,609,1126858,107,FALSE,TRUE,TRUE
20,2022,110,612,1082707,110,FALSE,TRUE,TRUE
20,2023,113,598,1034323,113,FALSE,TRUE,TRUE
21,2015,67,623,1323062,67,FALSE,TRUE,TRUE
21,2016,62,657,1379696,62,FALSE,TRUE,TRUE
21,2017,67,673,1437004,67,FALSE,TRUE,TRUE
21,2018,68,638,1342192,68,FALSE,TRUE,TRUE
21,2019,72,685,1421614,72,FALSE,TRUE,TRUE
21,2020,70,693,1463799,70,FALSE,TRUE,TRUE
21,2021,70,672,1340800,70,FALSE,TRUE,TRUE
21,2022,71,694,1384121,71,FALSE,TRUE,TRUE
21,2023,70,703,1449391,70,FALSE,TRUE,TRUE
22,2015,2,18,28071,2,FALSE,TRUE,TRUE
22,2016,2,12,19257,2,FALSE,TRUE,TRUE
22,2017,2,9,15162,2,FALSE,TRUE,TRUE
22,2018,2,8,13678,2,FALSE,TRUE,TRUE
22,2019,1,6,12070,1,FALSE,TRUE,TRUE
22,2020,1,6,8099,1,FALSE,TRUE,TRUE
22,2021,1,1,1980,1,FALSE,TRUE,TRUE
22,2022,1,1,520,1,FALSE,TRUE,TRUE
22,2023,0,0,0,0,TRUE,TRUE,TRUE
23,2015,34,165,211342,34,FALSE,TRUE,TRUE
23,2016,34,189,230813,34,FALSE,TRUE,TRUE
23,2017,34,194,259068,34,FALSE,TRUE,TRUE
23,2018,34,176,263697,34,FALSE,TRUE,TRUE
23,2019,35,172,270520,35,FALSE,TRUE,TRUE
23,2020,35,166,271754,35,FALSE,TRUE,TRUE
23,2021,36,170,260384,36,FALSE,TRUE,TRUE
23,2022,35,158,260288,35,FALSE,TRUE,TRUE
23,2023,35,178,268424,35,FALSE,TRUE,TRUE
24,2015,30,224,448978,30,FALSE,TRUE,TRUE
24,2016,27,226,494326,27,FALSE,TRUE,TRUE
24,2017,26,223,502363,26,FALSE,TRUE,TRUE
24,2018,25,227,479666,25,FALSE,TRUE,TRUE
24,2019,22,217,458975,22,FALSE,TRUE,TRUE
24,2020,24,217,440332,24,FALSE,TRUE,TRUE
24,2021,25,232,466865,25,FALSE,TRUE,TRUE
24,2022,26,225,480819,26,FALSE,TRUE,TRUE
24,2023,27,280,552146,27,FALSE,TRUE,TRUE
25,2015,52,346,674285,52,FALSE,TRUE,TRUE
25,2016,53,380,718808,53,FALSE,TRUE,TRUE
25,2017,53,366,686283,53,FALSE,TRUE,TRUE
25,2018,51,372,712231,51,FALSE,TRUE,TRUE
25,2019,53,438,828375,53,FALSE,TRUE,TRUE
25,2020,53,377,718240,53,FALSE,TRUE,TRUE
25,2021,52,366,717587,52,FALSE,TRUE,TRUE
25,2022,53,384,707301,53,FALSE,TRUE,TRUE
25,2023,49,377,696028,49,FALSE,TRUE,TRUE
26,2015,21,239,532797,21,FALSE,TRUE,TRUE
26,2016,22,245,516520,22,FALSE,TRUE,TRUE
26,2017,21,256,554012,21,FALSE,TRUE,TRUE
26,2018,25,270,565914,25,FALSE,TRUE,TRUE
26,2019,23,261,540047,23,FALSE,TRUE,TRUE
26,2020,24,249,517548,24,FALSE,TRUE,TRUE
26,2021,24,269,547636,24,FALSE,TRUE,TRUE
26,2022,24,285,587003,24,FALSE,TRUE,TRUE
26,2023,26,315,631371,26,FALSE,TRUE,TRUE
27,2015,63,334,558203,63,FALSE,TRUE,TRUE
27,2016,62,313,544709,62,FALSE,TRUE,TRUE
27,2017,64,307,533124,64,FALSE,TRUE,TRUE
27,2018,63,301,512108,63,FALSE,TRUE,TRUE
27,2019,60,304,512949,60,FALSE,TRUE,TRUE
27,2020,60,293,505609,60,FALSE,TRUE,TRUE
27,2021,60,301,536208,60,FALSE,TRUE,TRUE
27,2022,56,283,498837,56,FALSE,TRUE,TRUE
27,2023,54,281,485676,54,FALSE,TRUE,TRUE
28,2015,3,7,7463,3,FALSE,TRUE,TRUE
28,2016,2,6,12613,2,FALSE,TRUE,TRUE
28,2017,3,8,18034,3,FALSE,TRUE,TRUE
28,2018,3,10,13611,3,FALSE,TRUE,TRUE
28,2019,3,8,16487,3,FALSE,TRUE,TRUE
28,2020,3,10,15629,3,FALSE,TRUE,TRUE
28,2021,3,9,18196,3,FALSE,TRUE,TRUE
28,2022,3,10,19449,3,FALSE,TRUE,TRUE
28,2023,3,11,20730,3,FALSE,TRUE,TRUE
29,2015,201,1160,2133387,201,FALSE,TRUE,TRUE
29,2016,205,1187,2301038,205,FALSE,TRUE,TRUE
29,2017,208,1179,2294208,208,FALSE,TRUE,TRUE
29,2018,206,1249,2321396,206,FALSE,TRUE,TRUE
29,2019,208,1235,2319447,208,FALSE,TRUE,TRUE
29,2020,202,1218,2338817,202,FALSE,TRUE,TRUE
29,2021,202,1264,2432905,202,FALSE,TRUE,TRUE
29,2022,203,1316,2557799,203,FALSE,TRUE,TRUE
29,2023,201,1316,2557360,201,FALSE,TRUE,TRUE
30,2015,38,178,250836,38,FALSE,TRUE,TRUE
30,2016,40,193,251370,40,FALSE,TRUE,TRUE
30,2017,38,162,214803,38,FALSE,TRUE,TRUE
30,2018,40,165,218274,40,FALSE,TRUE,TRUE
30,2019,39,156,200528,39,FALSE,TRUE,TRUE
30,2020,34,134,192616,34,FALSE,TRUE,TRUE
30,2021,34,151,207489,34,FALSE,TRUE,TRUE
30,2022,36,161,223478,36,FALSE,TRUE,TRUE
30,2023,35,150,221284,35,FALSE,TRUE,TRUE
31,2015,13,94,187626,13,FALSE,TRUE,TRUE
31,2016,12,92,193409,12,FALSE,TRUE,TRUE
31,2017,10,93,198876,10,FALSE,TRUE,TRUE
31,2018,11,99,187428,11,FALSE,TRUE,TRUE
31,2019,11,99,193709,11,FALSE,TRUE,TRUE
31,2020,11,59,99136,11,FALSE,TRUE,TRUE
31,2021,9,45,84866,9,FALSE,TRUE,TRUE
31,2022,12,54,86209,12,FALSE,TRUE,TRUE
31,2023,12,51,89129,12,FALSE,TRUE,TRUE
32,2015,18,147,278427,18,FALSE,TRUE,TRUE
32,2016,18,156,294424,18,FALSE,TRUE,TRUE
32,2017,17,148,299116,17,FALSE,TRUE,TRUE
32,2018,18,162,305717,18,FALSE,TRUE,TRUE
32,2019,19,169,312081,19,FALSE,TRUE,TRUE
32,2020,18,155,310017,18,FALSE,TRUE,TRUE
32,2021,18,164,317200,18,FALSE,TRUE,TRUE
32,2022,18,164,319701,18,FALSE,TRUE,TRUE
32,2023,19,176,349752,19,FALSE,TRUE,TRUE
33,2015,29,178,322894,29,FALSE,TRUE,TRUE
33,2016,29,189,343712,29,FALSE,TRUE,TRUE
33,2017,29,183,313325,29,FALSE,TRUE,TRUE
33,2018,27,172,320826,27,FALSE,TRUE,TRUE
33,2019,27,172,321517,27,FALSE,TRUE,TRUE
33,2020,25,167,315017,25,FALSE,TRUE,TRUE
33,2021,26,179,318056,26,FALSE,TRUE,TRUE
33,2022,28,173,310549,28,FALSE,TRUE,TRUE
33,2023,27,166,316058,27,FALSE,TRUE,TRUE
34,2015,16,312,776521,16,FALSE,TRUE,TRUE
34,2016,17,331,820093,17,FALSE,TRUE,TRUE
34,2017,19,351,846050,19,FALSE,TRUE,TRUE
34,2018,18,347,823251,18,FALSE,TRUE,TRUE
34,2019,18,375,914174,18,FALSE,TRUE,TRUE
34,2020,18,399,912907,18,FALSE,TRUE,TRUE
34,2021,17,377,885975,17,FALSE,TRUE,TRUE
34,2022,17,393,936016,17,FALSE,TRUE,TRUE
34,2023,16,412,988247,16,FALSE,TRUE,TRUE
35,2015,45,261,459053,45,FALSE,TRUE,TRUE
35,2016,45,262,428949,45,FALSE,TRUE,TRUE
35,2017,60,287,468248,60,FALSE,TRUE,TRUE
35,2018,63,293,501236,63,FALSE,TRUE,TRUE
35,2019,68,304,526260,68,FALSE,TRUE,TRUE
35,2020,54,293,503608,54,FALSE,TRUE,TRUE
35,2021,44,259,464367,44,FALSE,TRUE,TRUE
35,2022,45,268,486303,45,FALSE,TRUE,TRUE
35,2023,44,255,469490,44,FALSE,TRUE,TRUE
36,2015,158,820,1512353,158,FALSE,TRUE,TRUE
36,2016,162,886,1668490,162,FALSE,TRUE,TRUE
36,2017,170,885,1622873,170,FALSE,TRUE,TRUE
36,2018,168,893,1665700,168,FALSE,TRUE,TRUE
36,2019,166,914,1674073,166,FALSE,TRUE,TRUE
36,2020,164,869,1488067,164,FALSE,TRUE,TRUE
36,2021,173,945,1649775,173,FALSE,TRUE,TRUE
36,2022,164,929,1657143,164,FALSE,TRUE,TRUE
36,2023,160,939,1766921,160,FALSE,TRUE,TRUE
37,2015,124,795,1611391,124,FALSE,TRUE,TRUE
37,2016,122,809,1734701,122,FALSE,TRUE,TRUE
37,2017,127,861,1837427,127,FALSE,TRUE,TRUE
37,2018,134,865,1827716,134,FALSE,TRUE,TRUE
37,2019,130,882,1870658,130,FALSE,TRUE,TRUE
37,2020,129,897,1724825,129,FALSE,TRUE,TRUE
37,2021,131,925,1854951,131,FALSE,TRUE,TRUE
37,2022,131,927,1889289,131,FALSE,TRUE,TRUE
37,2023,128,926,1956665,128,FALSE,TRUE,TRUE
38,2015,5,14,11269,5,FALSE,TRUE,TRUE
38,2016,3,11,8289,3,FALSE,TRUE,TRUE
38,2017,2,4,5119,2,FALSE,TRUE,TRUE
38,2018,2,4,2110,2,FALSE,TRUE,TRUE
38,2019,2,4,681,2,FALSE,TRUE,TRUE
38,2020,0,0,0,0,TRUE,TRUE,TRUE
38,2021,0,0,0,0,TRUE,TRUE,TRUE
38,2022,0,0,0,0,TRUE,TRUE,TRUE
38,2023,0,0,0,0,TRUE,TRUE,TRUE
39,2015,101,664,1305005,101,FALSE,TRUE,TRUE
39,2016,101,668,1278726,101,FALSE,TRUE,TRUE
39,2017,101,714,1296357,101,FALSE,TRUE,TRUE
39,2018,101,737,1380183,101,FALSE,TRUE,TRUE
39,2019,102,760,1389102,102,FALSE,TRUE,TRUE
39,2020,98,720,1330576,98,FALSE,TRUE,TRUE
39,2021,96,698,1300744,96,FALSE,TRUE,TRUE
39,2022,103,778,1360944,103,FALSE,TRUE,TRUE
39,2023,104,742,1391431,104,FALSE,TRUE,TRUE
40,2015,142,1277,2628628,142,FALSE,TRUE,TRUE
40,2016,145,1287,2675283,145,FALSE,TRUE,TRUE
40,2017,147,1257,2481407,147,FALSE,TRUE,TRUE
40,2018,149,1221,2418089,149,FALSE,TRUE,TRUE
40,2019,147,1201,2297670,147,FALSE,TRUE,TRUE
40,2020,144,1197,2325128,144,FALSE,TRUE,TRUE
40,2021,145,1431,2929947,145,FALSE,TRUE,TRUE
40,2022,141,1478,3072892,141,FALSE,TRUE,TRUE
40,2023,140,1457,3068091,140,FALSE,TRUE,TRUE
41,2015,155,752,1131787,155,FALSE,TRUE,TRUE
41,2016,166,812,1238037,166,FALSE,TRUE,TRUE
41,2017,164,780,1252879,164,FALSE,TRUE,TRUE
41,2018,164,823,1393518,164,FALSE,TRUE,TRUE
41,2019,168,840,1293329,168,FALSE,TRUE,TRUE
41,2020,158,810,1368628,158,FALSE,TRUE,TRUE
41,2021,165,821,1300118,165,FALSE,TRUE,TRUE
41,2022,165,829,1388850,165,FALSE,TRUE,TRUE
41,2023,173,825,1370923,173,FALSE,TRUE,TRUE
42,2015,373,2249,4071947,373,FALSE,TRUE,TRUE
42,2016,363,2249,4154588,363,FALSE,TRUE,TRUE
42,2017,361,2172,3967459,361,FALSE,TRUE,TRUE
42,2018,363,2204,3942627,363,FALSE,TRUE,TRUE
42,2019,354,2213,3985624,354,FALSE,TRUE,TRUE
42,2020,357,2236,3797931,357,FALSE,TRUE,TRUE
42,2021,353,2313,3857438,353,FALSE,TRUE,TRUE
42,2022,357,2367,4016807,357,FALSE,TRUE,TRUE
42,2023,345,2213,4098656,345,FALSE,TRUE,TRUE
44,2015,10,67,101868,10,FALSE,TRUE,TRUE
44,2016,10,69,118163,10,FALSE,TRUE,TRUE
44,2017,10,65,125663,10,FALSE,TRUE,TRUE
44,2018,10,51,102627,10,FALSE,TRUE,TRUE
44,2019,10,57,109174,10,FALSE,TRUE,TRUE
44,2020,13,77,138790,13,FALSE,TRUE,TRUE
44,2021,14,73,144832,14,FALSE,TRUE,TRUE
44,2022,14,82,178663,14,FALSE,TRUE,TRUE
44,2023,14,87,162585,14,FALSE,TRUE,TRUE
45,2015,36,266,561828,36,FALSE,TRUE,TRUE
45,2016,38,322,716059,38,FALSE,TRUE,TRUE
45,2017,37,327,752285,37,FALSE,TRUE,TRUE
45,2018,39,354,756333,39,FALSE,TRUE,TRUE
45,2019,40,345,755798,40,FALSE,TRUE,TRUE
45,2020,39,344,719241,39,FALSE,TRUE,TRUE
45,2021,40,346,737977,40,FALSE,TRUE,TRUE
45,2022,40,362,820945,40,FALSE,TRUE,TRUE
45,2023,42,391,860725,42,FALSE,TRUE,TRUE
46,2015,18,228,437631,18,FALSE,TRUE,TRUE
46,2016,16,214,436581,16,FALSE,TRUE,TRUE
46,2017,18,229,434144,18,FALSE,TRUE,TRUE
46,2018,17,217,420090,17,FALSE,TRUE,TRUE
46,2019,15,194,395462,15,FALSE,TRUE,TRUE
46,2020,17,199,429219,17,FALSE,TRUE,TRUE
46,2021,15,197,404555,15,FALSE,TRUE,TRUE
46,2022,17,206,399087,17,FALSE,TRUE,TRUE
46,2023,17,223,424948,17,FALSE,TRUE,TRUE
47,2015,161,805,1260729,161,FALSE,TRUE,TRUE
47,2016,166,850,1385302,166,FALSE,TRUE,TRUE
47,2017,172,828,1420207,172,FALSE,TRUE,TRUE
47,2018,182,860,1466907,182,FALSE,TRUE,TRUE
47,2019,189,944,1613546,189,FALSE,TRUE,TRUE
47,2020,193,942,1629656,193,FALSE,TRUE,TRUE
47,2021,188,995,1774595,188,FALSE,TRUE,TRUE
47,2022,196,1152,2046419,196,FALSE,TRUE,TRUE
47,2023,210,1245,2158520,210,FALSE,TRUE,TRUE
48,2015,363,3676,8177636,363,FALSE,TRUE,TRUE
48,2016,369,3764,8348596,369,FALSE,TRUE,TRUE
48,2017,399,4007,8754823,399,FALSE,TRUE,TRUE
48,2018,411,3886,8587642,411,FALSE,TRUE,TRUE
48,2019,415,4058,9229569,415,FALSE,TRUE,TRUE
48,2020,412,4027,8893512,412,FALSE,TRUE,TRUE
48,2021,390,3952,8876772,390,FALSE,TRUE,TRUE
48,2022,382,4097,9395141,382,FALSE,TRUE,TRUE
48,2023,373,4187,9542215,373,FALSE,TRUE,TRUE
49,2015,26,218,348063,26,FALSE,TRUE,TRUE
49,2016,22,204,315924,22,FALSE,TRUE,TRUE
49,2017,25,198,305439,25,FALSE,TRUE,TRUE
49,2018,27,226,369374,27,FALSE,TRUE,TRUE
49,2019,24,197,319805,24,FALSE,TRUE,TRUE
49,2020,24,210,336187,24,FALSE,TRUE,TRUE
49,2021,22,225,363125,22,FALSE,TRUE,TRUE
49,2022,23,233,409180,23,FALSE,TRUE,TRUE
49,2023,22,250,414084,22,FALSE,TRUE,TRUE
50,2015,101,384,599623,101,FALSE,TRUE,TRUE
50,2016,100,384,607159,100,FALSE,TRUE,TRUE
50,2017,101,368,566679,101,FALSE,TRUE,TRUE
50,2018,103,410,602823,103,FALSE,TRUE,TRUE
50,2019,106,415,624591,106,FALSE,TRUE,TRUE
50,2020,99,410,611034,99,FALSE,TRUE,TRUE
50,2021,94,371,581975,94,FALSE,TRUE,TRUE
50,2022,94,390,615336,94,FALSE,TRUE,TRUE
50,2023,95,428,680500,95,FALSE,TRUE,TRUE
51,2015,97,696,1496942,97,FALSE,TRUE,TRUE
51,2016,96,729,1565750,96,FALSE,TRUE,TRUE
51,2017,98,729,1539535,98,FALSE,TRUE,TRUE
51,2018,97,747,1538585,97,FALSE,TRUE,TRUE
51,2019,97,756,1528503,97,FALSE,TRUE,TRUE
51,2020,92,702,1434480,92,FALSE,TRUE,TRUE
51,2021,93,698,1447986,93,FALSE,TRUE,TRUE
51,2022,92,712,1465460,92,FALSE,TRUE,TRUE
51,2023,95,719,1507755,95,FALSE,TRUE,TRUE
53,2015,79,392,563667,79,FALSE,TRUE,TRUE
53,2016,84,444,608745,84,FALSE,TRUE,TRUE
53,2017,85,427,646527,85,FALSE,TRUE,TRUE
53,2018,85,379,590884,85,FALSE,TRUE,TRUE
53,2019,83,388,629159,83,FALSE,TRUE,TRUE
53,2020,83,373,595175,83,FALSE,TRUE,TRUE
53,2021,85,393,629809,85,FALSE,TRUE,TRUE
53,2022,82,386,632780,82,FALSE,TRUE,TRUE
53,2023,82,411,660430,82,FALSE,TRUE,TRUE
54,2015,24,198,390445,24,FALSE,TRUE,TRUE
54,2016,24,206,388832,24,FALSE,TRUE,TRUE
54,2017,24,188,364545,24,FALSE,TRUE,TRUE
54,2018,25,195,378749,25,FALSE,TRUE,TRUE
54,2019,24,221,411716,24,FALSE,TRUE,TRUE
54,2020,29,272,475768,29,FALSE,TRUE,TRUE
54,2021,28,256,454378,28,FALSE,TRUE,TRUE
54,2022,28,267,444775,28,FALSE,TRUE,TRUE
54,2023,28,267,477358,28,FALSE,TRUE,TRUE
55,2015,192,850,1494949,192,FALSE,TRUE,TRUE
55,2016,192,825,1447451,192,FALSE,TRUE,TRUE
55,2017,196,862,1505309,196,FALSE,TRUE,TRUE
55,2018,197,934,1595261,197,FALSE,TRUE,TRUE
55,2019,196,940,1696465,196,FALSE,TRUE,TRUE
55,2020,196,955,1720296,196,FALSE,TRUE,TRUE
55,2021,202,1033,1832013,202,FALSE,TRUE,TRUE
55,2022,198,1082,1960876,198,FALSE,TRUE,TRUE
55,2023,198,1073,1956222,198,FALSE,TRUE,TRUE
56,2015,8,70,147883,8,FALSE,TRUE,TRUE
56,2016,9,82,162838,9,FALSE,TRUE,TRUE
56,2017,10,85,169296,10,FALSE,TRUE,TRUE
56,2018,10,108,223840,10,FALSE,TRUE,TRUE
56,2019,11,114,248726,11,FALSE,TRUE,TRUE
56,2020,12,129,276259,12,FALSE,TRUE,TRUE
56,2021,12,129,276790,12,FALSE,TRUE,TRUE
56,2022,9,122,267965,9,FALSE,TRUE,TRUE
56,2023,10,122,265907,10,FALSE,TRUE,TRUE
