year,state,state_fips,region,division,crushed_stone_tons,crushed_stone_total_value,crushed_stone_unit_value
2015,Alabama,01,South,East South Central,35300000,366000000,10.360000000000001
2016,Alabama,01,South,East South Central,37500000,404000000,10.78
2017,Alabama,01,South,East South Central,37600000,410000000,10.9
2018,Alabama,01,South,East South Central,36900000,417000000,11.29
2019,Alabama,01,South,East South Central,41100000,529000000,12.860000000000001
2020,Alabama,01,South,East South Central,40700000,556000000,13.67
2021,Alabama,01,South,East South Central,43800000,635000000,14.51
2022,Alabama,01,South,East South Central,43600000,687000000,15.739999999999998
2023,Alabama,01,South,East South Central,43300000,757000000,17.48999999999999
2015,Alaska,02,West,Pacific,1040000,12100000,11.639999999999999
2016,Alaska,02,West,Pacific,760000,15500000,20.39
2017,Alaska,02,West,Pacific,1050000,22300000,21.32
2018,Alaska,02,West,Pacific,1400000,27800000,19.88
2019,Alaska,02,West,Pacific,1540000,27700000,18.05
2020,Alaska,02,West,Pacific,1530000,14700000,9.59
2021,Alaska,02,West,Pacific,807000,8900000,11.03
2022,Alaska,02,West,Pacific,541000,6040000,11.16
2023,Alaska,02,West,Pacific,589000,7150000,12.139999999999999
2015,Arizona,04,West,Mountain,10300000,92200000,8.98
2016,Arizona,04,West,Mountain,9410000,91000000,9.67
2017,Arizona,04,West,Mountain,9810000,91400000,9.32
2018,Arizona,04,West,Mountain,11800000,111000000,9.42
2019,Arizona,04,West,Mountain,10900000,121000000,11.05
2020,Arizona,04,West,Mountain,11000000,120000000,10.92
2021,Arizona,04,West,Mountain,11400000,124000000,10.91
2022,Arizona,04,West,Mountain,11200000,131000000,11.68
2023,Arizona,04,West,Mountain,13400000,174000000,13.02
2015,Arkansas,05,South,West South Central,27800000,236000000,8.5
2016,Arkansas,05,South,West South Central,29400000,264000000,8.960000000000003
2017,Arkansas,05,South,West South Central,30900000,293000000,9.460000000000003
2018,Arkansas,05,South,West South Central,29000000,274000000,9.47
2019,Arkansas,05,South,West South Central,29600000,282000000,9.540000000000001
2020,Arkansas,05,South,West South Central,31100000,299000000,9.629999999999999
2021,Arkansas,05,South,West South Central,34100000,342000000,10.02
2022,Arkansas,05,South,West South Central,31800000,336000000,10.58
2023,Arkansas,05,South,West South Central,33000000,359000000,10.870000000000001
2015,California,06,West,Pacific,38200000,350000000,9.16
2016,California,06,West,Pacific,37100000,338000000,9.11
2017,California,06,West,Pacific,39700000,380000000,9.58
2018,California,06,West,Pacific,41100000,388000000,9.43
2019,California,06,West,Pacific,41900000,453000000,10.81
2020,California,06,West,Pacific,40300000,434000000,10.75
2021,California,06,West,Pacific,38300000,455000000,11.89
2022,California,06,West,Pacific,40400000,532000000,13.16
2023,California,06,West,Pacific,41500000,608000000,14.639999999999999
2015,Colorado,08,West,Mountain,14900000,131000000,8.729999999999999
2016,Colorado,08,West,Mountain,15400000,148000000,9.59
2017,Colorado,08,West,Mountain,15500000,149000000,9.629999999999999
2018,Colorado,08,West,Mountain,14800000,150000000,10.13
2019,Colorado,08,West,Mountain,16600000,166000000,10.040000000000001
2020,Colorado,08,West,Mountain,17300000,176000000,10.15
2021,Colorado,08,West,Mountain,17000000,189000000,11.15
2022,Colorado,08,West,Mountain,17200000,217000000,12.6
2023,Colorado,08,West,Mountain,15700000,212000000,13.46
2015,Connecticut,09,Northeast,New England,9360000,142000000,15.17
2016,Connecticut,09,Northeast,New England,9480000,146000000,15.44
2017,Connecticut,09,Northeast,New England,9830000,153000000,15.51
2018,Connecticut,09,Northeast,New England,9520000,147000000,15.450000000000001
2019,Connecticut,09,Northeast,New England,10500000,138000000,13.18
2020,Connecticut,09,Northeast,New England,10300000,142000000,13.79
2021,Connecticut,09,Northeast,New England,10400000,138000000,13.31
2022,Connecticut,09,Northeast,New England,10400000,147000000,14.07
2023,Connecticut,09,Northeast,New England,11000000,167000000,15.139999999999999
2015,Delaware,10,South,South Atlantic,,,
2016,Delaware,10,South,South Atlantic,,,
2017,Delaware,10,South,South Atlantic,,,
2018,Delaware,10,South,South Atlantic,,,
2019,Delaware,10,South,South Atlantic,,,
2020,Delaware,10,South,South Atlantic,,,
2021,Delaware,10,South,South Atlantic,,,
2022,Delaware,10,South,South Atlantic,,,
2023,Delaware,10,South,South Atlantic,,,
2015,Florida,12,South,South Atlantic,69100000,808000000,11.7
2016,Florida,12,South,South Atlantic,74100000,929000000,12.53
2017,Florida,12,South,South Atlantic,74700000,937000000,12.55
2018,Florida,12,South,South Atlantic,76800000,1010000000,13.12
2019,Florida,12,South,South Atlantic,81300000,1190000000,14.6
2020,Florida,12,South,South Atlantic,83400000,1240000000,14.92
2021,Florida,12,South,South Atlantic,86600000,1280000000,14.79
2022,Florida,12,South,South Atlantic,91100000,1460000000,15.99
2023,Florida,12,South,South Atlantic,95000000,1700000000,17.87
2015,Georgia,13,South,South Atlantic,48100000,641000000,13.32
2016,Georgia,13,South,South Atlantic,53800000,786000000,14.6
2017,Georgia,13,South,South Atlantic,53100000,826000000,15.57
2018,Georgia,13,South,South Atlantic,53300000,881000000,16.53
2019,Georgia,13,South,South Atlantic,57600000,1010000000,17.52
2020,Georgia,13,South,South Atlantic,59300000,1110000000,18.7
2021,Georgia,13,South,South Atlantic,61200000,1180000000,19.23
2022,Georgia,13,South,South Atlantic,63400000,1380000000,21.77
2023,Georgia,13,South,South Atlantic,67300000,1670000000,24.759999999999998
2015,Hawaii,15,West,Pacific,5150000,101000000,19.66
2016,Hawaii,15,West,Pacific,5260000,105000000,19.95
2017,Hawaii,15,West,Pacific,5070000,111000000,21.830000000000002
2018,Hawaii,15,West,Pacific,4680000,107000000,22.810000000000002
2019,Hawaii,15,West,Pacific,5770000,124000000,21.5
2020,Hawaii,15,West,Pacific,5880000,141000000,24.01
2021,Hawaii,15,West,Pacific,5850000,139000000,23.759999999999998
2022,Hawaii,15,West,Pacific,5570000,122000000,21.87
2023,Hawaii,15,West,Pacific,6260000,147000000,23.41
2015,Idaho,16,West,Mountain,5190000,34400000,6.64
2016,Idaho,16,West,Mountain,4640000,32400000,6.98
2017,Idaho,16,West,Mountain,4060000,28800000,7.09
2018,Idaho,16,West,Mountain,4600000,31500000,6.85
2019,Idaho,16,West,Mountain,4210000,29100000,6.92
2020,Idaho,16,West,Mountain,4620000,33900000,7.34
2021,Idaho,16,West,Mountain,5370000,36100000,6.72
2022,Idaho,16,West,Mountain,5570000,40600000,7.28
2023,Idaho,16,West,Mountain,5400000,40500000,7.5
2015,Illinois,17,Midwest,East North Central,54500000,570000000,10.46
2016,Illinois,17,Midwest,East North Central,50200000,531000000,10.56
2017,Illinois,17,Midwest,East North Central,49500000,517000000,10.450000000000001
2018,Illinois,17,Midwest,East North Central,48600000,506000000,10.42
2019,Illinois,17,Midwest,East North Central,49800000,529000000,10.62
2020,Illinois,17,Midwest,East North Central,53700000,636000000,11.84
2021,Illinois,17,Midwest,East North Central,51500000,602000000,11.7
2022,Illinois,17,Midwest,East North Central,50700000,649000000,12.8
2023,Illinois,17,Midwest,East North Central,54200000,764000000,14.1
2015,Indiana,18,Midwest,East North Central,49500000,384000000,7.76
2016,Indiana,18,Midwest,East North Central,47400000,390000000,8.239999999999998
2017,Indiana,18,Midwest,East North Central,49000000,426000000,8.700000000000001
2018,Indiana,18,Midwest,East North Central,50300000,461000000,9.17
2019,Indiana,18,Midwest,East North Central,51400000,484000000,9.42
2020,Indiana,18,Midwest,East North Central,52400000,526000000,10.050000000000002
2021,Indiana,18,Midwest,East North Central,52300000,570000000,10.9
2022,Indiana,18,Midwest,East North Central,55100000,620000000,11.25
2023,Indiana,18,Midwest,East North Central,55700000,713000000,12.8
2015,Iowa,19,Midwest,West North Central,36000000,380000000,10.56
2016,Iowa,19,Midwest,West North Central,38100000,408000000,10.7
2017,Iowa,19,Midwest,West North Central,38700000,433000000,11.18
2018,Iowa,19,Midwest,West North Central,39200000,442000000,11.29
2019,Iowa,19,Midwest,West North Central,41700000,379000000,9.11
2020,Iowa,19,Midwest,West North Central,39600000,374000000,9.44
2021,Iowa,19,Midwest,West North Central,35600000,334000000,9.38
2022,Iowa,19,Midwest,West North Central,34900000,361000000,10.34
2023,Iowa,19,Midwest,West North Central,33500000,361000000,10.78
2015,Kansas,20,Midwest,West North Central,17700000,162000000,9.18
2016,Kansas,20,Midwest,West North Central,16900000,144000000,8.52
2017,Kansas,20,Midwest,West North Central,16300000,139000000,8.530000000000001
2018,Kansas,20,Midwest,West North Central,15400000,131000000,8.49
2019,Kansas,20,Midwest,West North Central,15100000,126000000,8.370000000000003
2020,Kansas,20,Midwest,West North Central,17800000,145000000,8.129999999999999
2021,Kansas,20,Midwest,West North Central,19400000,158000000,8.16
2022,Kansas,20,Midwest,West North Central,19000000,171000000,9
2023,Kansas,20,Midwest,West North Central,18700000,178000000,9.530000000000001
2015,Kentucky,21,South,East South Central,55600000,509000000,9.139999999999999
2016,Kentucky,21,South,East South Central,50000000,454000000,9.08
2017,Kentucky,21,South,East South Central,50600000,471000000,9.3
2018,Kentucky,21,South,East South Central,49700000,470000000,9.47
2019,Kentucky,21,South,East South Central,52100000,535000000,10.27
2020,Kentucky,21,South,East South Central,50000000,544000000,10.88
2021,Kentucky,21,South,East South Central,51100000,585000000,11.450000000000001
2022,Kentucky,21,South,East South Central,53800000,672000000,12.47
2023,Kentucky,21,South,East South Central,55500000,778000000,14.03
2015,Louisiana,22,South,West South Central,,,
2016,Louisiana,22,South,West South Central,,,
2017,Louisiana,22,South,West South Central,,,
2018,Louisiana,22,South,West South Central,,,
2019,Louisiana,22,South,West South Central,,,
2020,Louisiana,22,South,West South Central,,,
2021,Louisiana,22,South,West South Central,,,
2022,Louisiana,22,South,West South Central,,,
2023,Louisiana,22,South,West South Central,,,
2015,Maine,23,Northeast,New England,4330000,34300000,7.930000000000001
2016,Maine,23,Northeast,New England,4210000,30200000,7.17
2017,Maine,23,Northeast,New England,4400000,34800000,7.92
2018,Maine,23,Northeast,New England,4040000,36700000,9.06
2019,Maine,23,Northeast,New England,4500000,41400000,9.19
2020,Maine,23,Northeast,New England,4690000,42900000,9.15
2021,Maine,23,Northeast,New England,4700000,43600000,9.290000000000001
2022,Maine,23,Northeast,New England,4480000,46600000,10.4
2023,Maine,23,Northeast,New England,4260000,50800000,11.93
2015,Maryland,24,South,South Atlantic,22700000,246000000,10.84
2016,Maryland,24,South,South Atlantic,22100000,258000000,11.66
2017,Maryland,24,South,South Atlantic,24300000,295000000,12.12
2018,Maryland,24,South,South Atlantic,22500000,275000000,12.19
2019,Maryland,24,South,South Atlantic,25700000,323000000,12.58
2020,Maryland,24,South,South Atlantic,24600000,321000000,13.04
2021,Maryland,24,South,South Atlantic,25700000,352000000,13.69
2022,Maryland,24,South,South Atlantic,24400000,348000000,14.26
2023,Maryland,24,South,South Atlantic,23800000,377000000,15.83
2015,Massachusetts,25,Northeast,New England,12100000,159000000,13.17
2016,Massachusetts,25,Northeast,New England,12600000,174000000,13.81
2017,Massachusetts,25,Northeast,New England,12900000,179000000,13.94
2018,Massachusetts,25,Northeast,New England,13900000,192000000,13.79
2019,Massachusetts,25,Northeast,New England,13400000,194000000,14.46
2020,Massachusetts,25,Northeast,New England,13000000,197000000,15.18
2021,Massachusetts,25,Northeast,New England,12400000,192000000,15.5
2022,Massachusetts,25,Northeast,New England,12800000,210000000,16.39
2023,Massachusetts,25,Northeast,New England,12300000,211000000,17.110000000000003
2015,Michigan,26,Midwest,East North Central,32500000,217000000,6.659999999999999
2016,Michigan,26,Midwest,East North Central,38000000,244000000,6.41
2017,Michigan,26,Midwest,East North Central,33600000,237000000,7.05
2018,Michigan,26,Midwest,East North Central,37400000,259000000,6.92
2019,Michigan,26,Midwest,East North Central,35400000,276000000,7.79
2020,Michigan,26,Midwest,East North Central,32800000,254000000,7.76
2021,Michigan,26,Midwest,East North Central,36000000,287000000,7.970000000000001
2022,Michigan,26,Midwest,East North Central,37200000,368000000,9.9
2023,Michigan,26,Midwest,East North Central,34400000,377000000,10.96
2015,Minnesota,27,Midwest,West North Central,7780000,97800000,12.56
2016,Minnesota,27,Midwest,West North Central,7340000,93300000,12.719999999999999
2017,Minnesota,27,Midwest,West North Central,7120000,96900000,13.62
2018,Minnesota,27,Midwest,West North Central,7710000,106000000,13.709999999999999
2019,Minnesota,27,Midwest,West North Central,8010000,72100000,9
2020,Minnesota,27,Midwest,West North Central,8580000,79000000,9.21
2021,Minnesota,27,Midwest,West North Central,9130000,96800000,10.61
2022,Minnesota,27,Midwest,West North Central,8550000,106000000,12.350000000000001
2023,Minnesota,27,Midwest,West North Central,8810000,113000000,12.82
2015,Mississippi,28,South,East South Central,1900000,55200000,29.05
2016,Mississippi,28,South,East South Central,2170000,64100000,29.5
2017,Mississippi,28,South,East South Central,2090000,63300000,30.36
2018,Mississippi,28,South,East South Central,2060000,64500000,31.23
2019,Mississippi,28,South,East South Central,2090000,71700000,34.36
2020,Mississippi,28,South,East South Central,1320000,47000000,35.58
2021,Mississippi,28,South,East South Central,1320000,48600000,36.73000000000001
2022,Mississippi,28,South,East South Central,1700000,65400000,38.52
2023,Mississippi,28,South,East South Central,2300000,94900000,41.290000000000006
2015,Missouri,29,Midwest,West North Central,70800000,531000000,7.51
2016,Missouri,29,Midwest,West North Central,72000000,558000000,7.74
2017,Missouri,29,Midwest,West North Central,74600000,570000000,7.64
2018,Missouri,29,Midwest,West North Central,71400000,536000000,7.51
2019,Missouri,29,Midwest,West North Central,74000000,532000000,7.1899999999999995
2020,Missouri,29,Midwest,West North Central,81700000,594000000,7.28
2021,Missouri,29,Midwest,West North Central,85500000,643000000,7.52
2022,Missouri,29,Midwest,West North Central,85200000,715000000,8.39
2023,Missouri,29,Midwest,West North Central,86100000,764000000,8.870000000000003
2015,Montana,30,West,Mountain,2820000,28200000,10
2016,Montana,30,West,Mountain,2800000,25700000,9.200000000000001
2017,Montana,30,West,Mountain,2690000,23900000,8.88
2018,Montana,30,West,Mountain,2760000,23300000,8.450000000000001
2019,Montana,30,West,Mountain,2900000,24500000,8.44
2020,Montana,30,West,Mountain,2890000,26400000,9.120000000000001
2021,Montana,30,West,Mountain,2890000,26300000,9.09
2022,Montana,30,West,Mountain,2880000,36500000,12.66
2023,Montana,30,West,Mountain,2870000,41800000,14.55
2015,Nebraska,31,Midwest,West North Central,7030000,85100000,12.1
2016,Nebraska,31,Midwest,West North Central,6880000,86000000,12.51
2017,Nebraska,31,Midwest,West North Central,7060000,92800000,13.139999999999999
2018,Nebraska,31,Midwest,West North Central,7060000,96200000,13.62
2019,Nebraska,31,Midwest,West North Central,,,
2020,Nebraska,31,Midwest,West North Central,,,
2021,Nebraska,31,Midwest,West North Central,,,
2022,Nebraska,31,Midwest,West North Central,,,
2023,Nebraska,31,Midwest,West North Central,,,
2015,Nevada,32,West,Mountain,8770000,81800000,9.32
2016,Nevada,32,West,Mountain,9420000,75800000,8.05
2017,Nevada,32,West,Mountain,11900000,96500000,8.129999999999999
2018,Nevada,32,West,Mountain,12200000,113000000,9.229999999999999
2019,Nevada,32,West,Mountain,12400000,132000000,10.709999999999999
2020,Nevada,32,West,Mountain,11200000,121000000,10.860000000000001
2021,Nevada,32,West,Mountain,9960000,113000000,11.31
2022,Nevada,32,West,Mountain,10100000,128000000,12.7
2023,Nevada,32,West,Mountain,10000000,129000000,12.88
2015,New Hampshire,33,Northeast,New England,5550000,51500000,9.280000000000001
2016,New Hampshire,33,Northeast,New England,5660000,55300000,9.780000000000001
2017,New Hampshire,33,Northeast,New England,5190000,51900000,10.01
2018,New Hampshire,33,Northeast,New England,5250000,53200000,10.120000000000001
2019,New Hampshire,33,Northeast,New England,5430000,60700000,11.19
2020,New Hampshire,33,Northeast,New England,5310000,66300000,12.49
2021,New Hampshire,33,Northeast,New England,5070000,69600000,13.729999999999999
2022,New Hampshire,33,Northeast,New England,5150000,74100000,14.38
2023,New Hampshire,33,Northeast,New England,5130000,83800000,16.35
2015,New Jersey,34,Northeast,Middle Atlantic,17800000,161000000,9.040000000000001
2016,New Jersey,34,Northeast,Middle Atlantic,16600000,159000000,9.59
2017,New Jersey,34,Northeast,Middle Atlantic,17200000,192000000,11.18
2018,New Jersey,34,Northeast,Middle Atlantic,17800000,192000000,10.81
2019,New Jersey,34,Northeast,Middle Atlantic,18400000,206000000,11.2
2020,New Jersey,34,Northeast,Middle Atlantic,17300000,201000000,11.6
2021,New Jersey,34,Northeast,Middle Atlantic,17700000,293000000,16.52
2022,New Jersey,34,Northeast,Middle Atlantic,17800000,305000000,17.09
2023,New Jersey,34,Northeast,Middle Atlantic,18700000,362000000,19.37
2015,New Mexico,35,West,Mountain,5120000,45700000,8.91
2016,New Mexico,35,West,Mountain,4760000,43800000,9.21
2017,New Mexico,35,West,Mountain,4500000,40800000,9.07
2018,New Mexico,35,West,Mountain,4300000,40700000,9.460000000000003
2019,New Mexico,35,West,Mountain,4220000,38900000,9.21
2020,New Mexico,35,West,Mountain,4930000,46600000,9.450000000000001
2021,New Mexico,35,West,Mountain,4270000,47000000,11.01
2022,New Mexico,35,West,Mountain,4810000,59600000,12.4
2023,New Mexico,35,West,Mountain,4480000,63900000,14.27
2015,New York,36,Northeast,Middle Atlantic,40700000,475000000,11.67
2016,New York,36,Northeast,Middle Atlantic,38300000,468000000,12.209999999999999
2017,New York,36,Northeast,Middle Atlantic,37000000,464000000,12.52
2018,New York,36,Northeast,Middle Atlantic,39800000,515000000,12.94
2019,New York,36,Northeast,Middle Atlantic,39100000,505000000,12.94
2020,New York,36,Northeast,Middle Atlantic,36700000,475000000,12.950000000000001
2021,New York,36,Northeast,Middle Atlantic,40600000,523000000,12.89
2022,New York,36,Northeast,Middle Atlantic,42000000,560000000,13.33
2023,New York,36,Northeast,Middle Atlantic,42200000,634000000,15.03
2015,North Carolina,37,South,South Atlantic,50200000,787000000,15.69
2016,North Carolina,37,South,South Atlantic,57900000,960000000,16.57
2017,North Carolina,37,South,South Atlantic,55400000,944000000,17.03
2018,North Carolina,37,South,South Atlantic,56100000,1000000000,17.88
2019,North Carolina,37,South,South Atlantic,60700000,1130000000,18.56
2020,North Carolina,37,South,South Atlantic,55900000,1080000000,19.38
2021,North Carolina,37,South,South Atlantic,62300000,1250000000,20.15
2022,North Carolina,37,South,South Atlantic,62700000,1380000000,21.93
2023,North Carolina,37,South,South Atlantic,66800000,1600000000,24.01
2015,North Dakota,38,Midwest,West North Central,788000,6650000,8.44
2016,North Dakota,38,Midwest,West North Central,734000,6840000,9.33
2017,North Dakota,38,Midwest,West North Central,427000,2550000,5.98
2018,North Dakota,38,Midwest,West North Central,326000,2310000,7.1
2019,North Dakota,38,Midwest,West North Central,337000,2200000,6.52
2020,North Dakota,38,Midwest,West North Central,411000,2580000,6.29
2021,North Dakota,38,Midwest,West North Central,321000,2400000,7.48
2022,North Dakota,38,Midwest,West North Central,311000,3060000,9.850000000000001
2023,North Dakota,38,Midwest,West North Central,410000,4200000,10.239999999999998
2015,Ohio,39,Midwest,East North Central,58400000,523000000,8.97
2016,Ohio,39,Midwest,East North Central,61100000,621000000,10.16
2017,Ohio,39,Midwest,East North Central,60700000,671000000,11.04
2018,Ohio,39,Midwest,East North Central,66000000,731000000,11.06
2019,Ohio,39,Midwest,East North Central,67900000,751000000,11.05
2020,Ohio,39,Midwest,East North Central,66800000,723000000,10.82
2021,Ohio,39,Midwest,East North Central,72600000,885000000,12.18
2022,Ohio,39,Midwest,East North Central,75600000,925000000,12.239999999999998
2023,Ohio,39,Midwest,East North Central,73900000,1030000000,13.870000000000001
2015,Oklahoma,40,South,West South Central,38400000,340000000,8.850000000000001
2016,Oklahoma,40,South,West South Central,37200000,339000000,9.11
2017,Oklahoma,40,South,West South Central,35800000,340000000,9.51
2018,Oklahoma,40,South,West South Central,36800000,339000000,9.219999999999999
2019,Oklahoma,40,South,West South Central,38400000,314000000,8.18
2020,Oklahoma,40,South,West South Central,38300000,329000000,8.59
2021,Oklahoma,40,South,West South Central,41500000,358000000,8.61
2022,Oklahoma,40,South,West South Central,39900000,387000000,9.69
2023,Oklahoma,40,South,West South Central,39500000,405000000,10.25
2015,Oregon,41,West,Pacific,18300000,132000000,7.2
2016,Oregon,41,West,Pacific,20300000,148000000,7.29
2017,Oregon,41,West,Pacific,19900000,152000000,7.63
2018,Oregon,41,West,Pacific,22200000,189000000,8.51
2019,Oregon,41,West,Pacific,20700000,182000000,8.8
2020,Oregon,41,West,Pacific,20200000,180000000,8.89
2021,Oregon,41,West,Pacific,21600000,231000000,10.69
2022,Oregon,41,West,Pacific,24900000,306000000,12.29
2023,Oregon,41,West,Pacific,23600000,291000000,12.34
2015,Pennsylvania,42,Northeast,Middle Atlantic,89300000,1100000000,12.360000000000001
2016,Pennsylvania,42,Northeast,Middle Atlantic,86600000,1150000000,13.27
2017,Pennsylvania,42,Northeast,Middle Atlantic,89500000,1200000000,13.370000000000001
2018,Pennsylvania,42,Northeast,Middle Atlantic,87600000,1160000000,13.28
2019,Pennsylvania,42,Northeast,Middle Atlantic,95500000,1390000000,14.53
2020,Pennsylvania,42,Northeast,Middle Atlantic,88500000,1290000000,14.55
2021,Pennsylvania,42,Northeast,Middle Atlantic,93400000,1410000000,15.139999999999999
2022,Pennsylvania,42,Northeast,Middle Atlantic,91400000,1520000000,16.64
2023,Pennsylvania,42,Northeast,Middle Atlantic,88300000,1640000000,18.62
2015,Rhode Island,44,Northeast,New England,2360000,25300000,10.7
2016,Rhode Island,44,Northeast,New England,2280000,24500000,10.76
2017,Rhode Island,44,Northeast,New England,2230000,24100000,10.79
2018,Rhode Island,44,Northeast,New England,1800000,19500000,10.82
2019,Rhode Island,44,Northeast,New England,1930000,21500000,11.129999999999999
2020,Rhode Island,44,Northeast,New England,2030000,23300000,11.46
2021,Rhode Island,44,Northeast,New England,2150000,25500000,11.850000000000001
2022,Rhode Island,44,Northeast,New England,2490000,31100000,12.46
2023,Rhode Island,44,Northeast,New England,2400000,31300000,13.07
2015,South Carolina,45,South,South Atlantic,23900000,275000000,11.51
2016,South Carolina,45,South,South Atlantic,28300000,338000000,11.93
2017,South Carolina,45,South,South Atlantic,28700000,364000000,12.66
2018,South Carolina,45,South,South Atlantic,27500000,366000000,13.3
2019,South Carolina,45,South,South Atlantic,29200000,434000000,14.88
2020,South Carolina,45,South,South Atlantic,27900000,441000000,15.79
2021,South Carolina,45,South,South Atlantic,31000000,556000000,17.92
2022,South Carolina,45,South,South Atlantic,33800000,644000000,19.03
2023,South Carolina,45,South,South Atlantic,34700000,735000000,21.17
2015,South Dakota,46,Midwest,West North Central,6580000,47600000,7.24
2016,South Dakota,46,Midwest,West North Central,6850000,49100000,7.159999999999999
2017,South Dakota,46,Midwest,West North Central,6440000,47800000,7.42
2018,South Dakota,46,Midwest,West North Central,6520000,51200000,7.85
2019,South Dakota,46,Midwest,West North Central,6940000,52000000,7.49
2020,South Dakota,46,Midwest,West North Central,8000000,62800000,7.859999999999999
2021,South Dakota,46,Midwest,West North Central,8300000,64700000,7.8
2022,South Dakota,46,Midwest,West North Central,7790000,65600000,8.43
2023,South Dakota,46,Midwest,West North Central,8150000,77200000,9.47
2015,Tennessee,47,South,East South Central,40200000,486000000,12.08
2016,Tennessee,47,South,East South Central,43700000,550000000,12.58
2017,Tennessee,47,South,East South Central,46000000,597000000,12.99
2018,Tennessee,47,South,East South Central,45100000,605000000,13.41
2019,Tennessee,47,South,East South Central,50400000,799000000,15.850000000000001
2020,Tennessee,47,South,East South Central,52300000,847000000,16.170000000000005
2021,Tennessee,47,South,East South Central,56900000,949000000,16.68
2022,Tennessee,47,South,East South Central,60500000,1080000000,17.89
2023,Tennessee,47,South,East South Central,58900000,1210000000,20.51
2015,Texas,48,South,West South Central,155000000,1560000000,10.1
2016,Texas,48,South,West South Central,159000000,1660000000,10.450000000000001
2017,Texas,48,South,West South Central,162000000,1780000000,10.94
2018,Texas,48,South,West South Central,178000000,2070000000,11.639999999999999
2019,Texas,48,South,West South Central,191000000,2650000000,13.860000000000001
2020,Texas,48,South,West South Central,189000000,2620000000,13.88
2021,Texas,48,South,West South Central,190000000,2710000000,14.229999999999999
2022,Texas,48,South,West South Central,202000000,2940000000,14.57
2023,Texas,48,South,West South Central,203000000,3280000000,16.130000000000003
2015,Utah,49,West,Mountain,8130000,58900000,7.24
2016,Utah,49,West,Mountain,7880000,58400000,7.41
2017,Utah,49,West,Mountain,9970000,75600000,7.58
2018,Utah,49,West,Mountain,10100000,78500000,7.7700000000000005
2019,Utah,49,West,Mountain,10800000,87000000,8.08
2020,Utah,49,West,Mountain,12300000,113000000,9.239999999999998
2021,Utah,49,West,Mountain,13200000,124000000,9.43
2022,Utah,49,West,Mountain,13400000,141000000,10.5
2023,Utah,49,West,Mountain,12100000,134000000,11.06
2015,Vermont,50,Northeast,New England,4820000,49100000,10.200000000000001
2016,Vermont,50,Northeast,New England,4800000,49100000,10.239999999999998
2017,Vermont,50,Northeast,New England,4630000,46400000,10.030000000000001
2018,Vermont,50,Northeast,New England,5080000,51100000,10.06
2019,Vermont,50,Northeast,New England,5400000,55300000,10.239999999999998
2020,Vermont,50,Northeast,New England,5230000,60900000,11.639999999999999
2021,Vermont,50,Northeast,New England,5320000,63500000,11.94
2022,Vermont,50,Northeast,New England,5400000,68600000,12.719999999999999
2023,Vermont,50,Northeast,New England,5630000,77100000,13.69
2015,Virginia,51,South,South Atlantic,48500000,759000000,15.65
2016,Virginia,51,South,South Atlantic,50000000,822000000,16.439999999999998
2017,Virginia,51,South,South Atlantic,51000000,823000000,16.130000000000003
2018,Virginia,51,South,South Atlantic,49500000,813000000,16.42
2019,Virginia,51,South,South Atlantic,51400000,923000000,17.959999999999997
2020,Virginia,51,South,South Atlantic,53100000,1010000000,18.959999999999997
2021,Virginia,51,South,South Atlantic,54700000,1050000000,19.25
2022,Virginia,51,South,South Atlantic,50800000,1030000000,20.329999999999995
2023,Virginia,51,South,South Atlantic,52000000,1150000000,22.21
2015,Washington,53,West,Pacific,14200000,201000000,14.209999999999999
2016,Washington,53,West,Pacific,15500000,213000000,13.739999999999998
2017,Washington,53,West,Pacific,15800000,222000000,14.08
2018,Washington,53,West,Pacific,15700000,226000000,14.34
2019,Washington,53,West,Pacific,15400000,170000000,10.98
2020,Washington,53,West,Pacific,15200000,175000000,11.52
2021,Washington,53,West,Pacific,16700000,195000000,11.7
2022,Washington,53,West,Pacific,16700000,220000000,13.15
2023,Washington,53,West,Pacific,16000000,218000000,13.65
2015,West Virginia,54,South,South Atlantic,15000000,166000000,11.03
2016,West Virginia,54,South,South Atlantic,14300000,161000000,11.239999999999998
2017,West Virginia,54,South,South Atlantic,13400000,146000000,10.860000000000001
2018,West Virginia,54,South,South Atlantic,15600000,175000000,11.18
2019,West Virginia,54,South,South Atlantic,16900000,189000000,11.2
2020,West Virginia,54,South,South Atlantic,13600000,161000000,11.77
2021,West Virginia,54,South,South Atlantic,14200000,166000000,11.7
2022,West Virginia,54,South,South Atlantic,14000000,182000000,12.97
2023,West Virginia,54,South,South Atlantic,14600000,212000000,14.49
2015,Wisconsin,55,Midwest,East North Central,22700000,171000000,7.53
2016,Wisconsin,55,Midwest,East North Central,24700000,200000000,8.08
2017,Wisconsin,55,Midwest,East North Central,25300000,206000000,8.129999999999999
2018,Wisconsin,55,Midwest,East North Central,26300000,213000000,8.129999999999999
2019,Wisconsin,55,Midwest,East North Central,27800000,185000000,6.6499999999999995
2020,Wisconsin,55,Midwest,East North Central,25100000,186000000,7.4
2021,Wisconsin,55,Midwest,East North Central,25700000,208000000,8.09
2022,Wisconsin,55,Midwest,East North Central,27100000,284000000,10.5
2023,Wisconsin,55,Midwest,East North Central,27600000,291000000,10.52
2015,Wyoming,56,West,Mountain,18300000,52800000,2.88
2016,Wyoming,56,West,Mountain,9950000,46000000,4.619999999999999
2017,Wyoming,56,West,Mountain,9850000,49700000,5.05
2018,Wyoming,56,West,Mountain,9330000,53000000,5.67
2019,Wyoming,56,West,Mountain,10900000,68000000,6.25
2020,Wyoming,56,West,Mountain,9560000,68300000,7.14
2021,Wyoming,56,West,Mountain,7440000,64500000,8.67
2022,Wyoming,56,West,Mountain,7160000,63100000,8.81
2023,Wyoming,56,West,Mountain,8510000,71100000,8.360000000000001
