year,state_fips,state,capital_right_of_way,capital_engineering,capital_construction_preservation,capital_outlay_total,physical_maintenance,traffic_control_operations,snow_ice_removal,other_services,toll_collection_expenses,highway_traffic_services_total,general_administration,research_planning,administration_research_total,traffic_supervision,highway_safety_driver_education,vehicle_inspection,size_weight_enforcement,law_enforcement_safety_total
2015,01,Alabama,12930,50228,764600,827758,5184,24375,293,0,0,24668,187546,22885,210431,199684,39173,0,1848,240705
2016,01,Alabama,14544,26240,736635,777419,9553,20843,237,0,0,21080,189323,25292,214615,194038,35107,0,2036,231181
2017,01,Alabama,14450,43927,733694,792071,10200,4804,36,0,0,4840,178291,19177,197468,193307,37206,0,2474,232987
2018,01,Alabama,30443,1550098,25492,1606033,155632,9256,0,3777,0,13033,256726,24890,281616,63500,82607,0,2064,148171
2019,01,Alabama,12848,444471,930440,1387759,193070,9652,0,2172,0,11824,313911,22630,336541,123118,86227,0,2168,211513
2020,01,Alabama,7144,454065,692566,1153775,46985,6675,0,6073,0,12748,516874,24764,541638,28500,124200,0,2304,155004
2021,01,Alabama,9920,323976,591614,925510,65449,36649,0,0,0,36649,440261,24871,465132,28500,113282,0,2675,144457
2022,01,Alabama,14782,26029,1225238,1266049,28660,4074,1651,0,0,5725,392577,27543,420120,29700,36344,0,789,66833
2023,01,Alabama,5662,22643,939928,968233,31661,5285,1125,0,0,6410,377996,26580,404576,24700,70689,0,2173,97562
2015,02,Alaska,29169,181315,582065,792549,30975,16153,29278,0,150800,196231,63625,24852,88477,40619,3750,1565,1879,47813
2016,02,Alaska,26015,87346,786625,899986,58848,6472,20912,0,134800,162184,72552,27977,100529,39175,1842,1861,1755,44633
2018,02,Alaska,20918,130975,559333,711226,60423,5229,25339,0,147700,178268,68811,23498,92309,43028,4499,2014,1513,51054
2019,02,Alaska,15819,138756,612999,767574,74236,9893,27092,0,147700,184685,22660,22645,45305,46042,4784,1947,1787,54560
2020,02,Alaska,21142,102828,484978,608948,78856,11190,30433,0,159970,201593,19906,31985,51891,54799,4541,2063,1898,63301
2021,02,Alaska,16331,138946,569206,724483,83533,8757,37770,0,93500,140027,18325,24707,43032,50967,6533,1896,1965,61361
2022,02,Alaska,17533,131932,553468,702933,78875,10220,32792,0,96000,139012,18865,24809,43674,51114,7047,2513,2157,62831
2023,02,Alaska,13212,82575,682923,778710,83130,9295,34851,0,121048,165194,20932,33205,54137,49931,7456,2540,1903,61830
2017,,Alaska  3/,26015,87346,786625,899986,58848,6472,20912,0,134800,162184,72552,27977,100529,39175,1842,1861,1755,44633
2015,04,Arizona,66380,81141,639113,786634,131372,20945,4174,6670,0,31789,191268,36514,227782,117429,15264,33058,2858,168609
2016,04,Arizona,254117,90336,710522,1054975,126446,13617,4061,3810,0,21488,151119,98685,249804,122024,17686,30786,0,170496
2017,04,Arizona,170879,78433,746996,996308,129086,14921,6064,5561,0,26546,184341,54042,238383,118653,9836,29398,0,157887
2018,04,Arizona,169374,88711,848157,1106242,124975,17835,3487,5261,0,26583,175253,68075,243328,123230,9917,28096,0,161243
2019,04,Arizona,64111,76949,1234567,1375627,136646,16371,3363,5073,0,24807,139975,84355,224330,40498,10268,31443,0,82209
2020,04,Arizona,87508,94021,902722,1084251,129334,16428,5369,5796,0,27593,126428,128270,254698,17622,11178,29928,0,58728
2021,04,Arizona,101998,88840,667115,857953,141328,4031,9110,27912,0,41053,146452,124386,270838,18293,10259,26785,0,55337
2022,04,Arizona,92347,103382,711386,907115,120512,2546,6349,20639,0,29534,139854,129671,269525,21367,13754,25761,0,60882
2023,04,Arizona,98487,97225,849750,1045462,150329,3573,15624,23574,0,42771,309053,123412,432465,32644,14180,28468,0,75292
2015,05,Arkansas,33982,95331,724009,853322,163990,7890,17201,22691,0,47782,45113,11118,56231,62881,20403,0,6841,90125
2016,05,Arkansas,47996,94285,785039,927320,184479,7695,4812,23350,0,35857,23957,10648,34605,63668,15920,0,6937,86525
2017,05,Arkansas,57954,94565,1073072,1225591,169897,7792,3953,25635,0,37380,25199,10706,35905,64006,43236,0,7117,114359
2018,05,Arkansas,33612,105752,1060915,1200279,166704,7963,6572,24841,0,39376,26573,10117,36690,60563,19029,0,7728,87320
2019,05,Arkansas,23826,93528,802429,919783,168356,9351,6020,23743,0,39114,28925,10282,39207,67395,17874,0,7907,93176
2020,05,Arkansas,39498,106361,880060,1025919,169269,9256,3130,21131,0,33517,30855,10064,40919,56506,19265,0,8703,84474
2021,05,Arkansas,56812,112700,1153190,1322702,156728,9097,17501,20967,0,47565,52135,9676,61811,57684,19632,0,8765,86081
2022,05,Arkansas,37084,127462,1236278,1400824,168464,9816,20812,22856,0,53484,30474,10853,41327,62510,20259,0,9656,92425
2023,05,Arkansas,86793,142124,1232014,1460931,159506,10156,39266,24539,0,73961,69042,11842,80884,78835,14556,0,8986,102377
2015,06,California,238916,520330,2306604,3065850,1109740,134992,1,4192,111275,250460,510506,88257,598763,1790185,78772,121490,40414,2030861
2016,06,California,233850,392716,1585578,2212144,1195249,131883,1,2646,62216,196746,531977,89805,621782,1846258,99161,134328,42720,2122467
2017,06,California,184194,363517,1317826,1865537,1251511,135753,31600,2854,89431,259638,558072,99049,657121,1878022,117045,145065,36875,2177007
2018,06,California,277109,1186589,3114875,4578573,1522673,135148,26568,3408,70168,235292,797018,62205,859223,1952498,167616,149519,39790,2309423
2019,06,California,262670,1306343,2944955,4513968,2067459,145615,37801,2880,77611,263907,553819,26488,580307,2047844,153080,167726,41788,2410438
2020,06,California,220578,1466897,3479383,5166858,1846050,205265,31743,0,613976,850984,405054,19523,424577,2279252,119717,169133,49404,2617506
2021,06,California,189480,1411900,3973153,5574533,1640388,183553,30175,0,30657,244385,487809,23034,510843,2024002,68911,164861,43148,2300922
2022,06,California,239712,1574134,3673492,5487338,1918562,209107,29679,639,95792,335217,656054,21761,677815,2303403,175269,170559,46389,2695620
2023,06,California,213190,1682019,3646092,5541301,2188111,221155,59830,530,116241,397756,741694,24363,766057,2479515,183219,202378,57431,2922543
2015,08,Colorado,8661,53045,862883,924589,213703,65000,75000,10000,76,150076,74169,36764,110933,134686,10604,10591,0,155881
2016,08,Colorado,29675,63812,1037429,1130916,163778,64574,79252,10032,45447,199305,93922,39792,133714,140843,20956,11476,0,173275
2017,08,Colorado,59589,102037,797582,959208,273434,69871,73840,9076,1004,153791,130227,43150,173377,0,10463,0,0,10463
2018,08,Colorado,46853,82098,979071,1108022,364735,71067,68625,9653,3539,152884,245595,37889,283484,0,16722,0,0,16722
2019,08,Colorado,29554,90291,931436,1051281,348406,71594,101983,8980,3431,185988,193667,29171,222838,0,29093,0,0,29093
2020,08,Colorado,28426,94671,1160356,1283453,388289,79446,101561,10353,3401,194761,197469,37331,234800,0,27916,0,0,27916
2021,08,Colorado,27782,81781,1013283,1122846,171979,79933,95166,9400,6649,191148,111613,33078,144691,0,16513,0,0,16513
2022,08,Colorado,65463,80261,1246457,1392181,328744,174677,89468,9754,8388,282287,108983,38679,147662,465,32948,0,0,33413
2023,08,Colorado,13413,94538,1041627,1149578,159504,94013,110711,9128,11071,224923,194928,42369,237297,0,26538,0,0,26538
2015,09,Connecticut,8696,90187,738400,837283,86132,1728,50268,4578,754,57328,372670,30402,403072,0,13009,4989,175,18173
2016,09,Connecticut,11431,105120,923045,1039596,125956,10620,32204,5036,754,48614,341153,34424,375577,0,13477,70,6696,20243
2017,09,Connecticut,15087,138898,784468,938453,165411,12623,49850,7632,74,70179,54152,30809,84961,0,23082,90,7238,30410
2018,09,Connecticut,14605,136957,754186,905748,192792,17625,58334,7730,65,83754,44946,34840,79786,9210,15441,104,8001,32756
2019,09,Connecticut,13104,142546,772385,928035,196989,17139,46421,5812,65,69437,48357,31178,79535,10227,14634,158,6535,31554
2020,09,Connecticut,13963,136287,793010,943260,213463,17415,32088,6975,0,56478,53521,32046,85567,10234,9374,257,5657,25522
2021,09,Connecticut,16698,141837,815189,973724,210677,19103,41199,7995,0,68297,56209,32166,88375,9357,13625,279,6693,29954
2022,09,Connecticut,16027,153031,854618,1023676,220445,19587,37129,7782,0,64498,48957,32401,81358,8397,17835,272,6555,33059
2023,09,Connecticut,17092,151617,1071044,1239753,252818,22834,25718,11567,0,60119,52763,36624,89387,8222,18218,297,6195,32932
2015,10,Delaware,20927,49721,237943,308591,59283,2951,12847,0,160302,176100,91278,4767,96045,54472,26070,15755,731,97028
2016,10,Delaware,11067,61404,377008,449479,204802,4150,8838,0,228171,241159,296590,5853,302443,55314,25651,15755,995,97715
2017,10,Delaware,15626,85586,406830,508042,181518,2262,6225,0,277823,286310,301728,6220,307948,58881,28240,15755,1074,103950
2018,10,Delaware,24972,91152,441119,557243,194380,826,11407,0,264755,276988,322756,6079,328835,59808,32107,10025,999,102939
2019,10,Delaware,28881,94597,468307,591785,153917,1935,8356,0,286010,296301,351417,6059,357476,63166,34839,10025,986,109016
2020,10,Delaware,12204,107322,377909,497435,151338,3482,3788,0,278456,285726,381851,6491,388342,64239,34411,10025,919,109594
2021,10,Delaware,32392,121165,306367,459924,178151,3552,4482,0,293854,301888,452351,6382,458733,66993,35165,0,1078,103236
2022,10,Delaware,56624,137899,305007,499530,212026,30786,8539,78383,280525,398233,254438,93996,348434,71195,35415,0,1180,107790
2023,10,Delaware,37455,80341,425871,543667,157953,33571,3060,77236,255465,369332,249832,99464,349296,68973,33590,0,1174,103737
2015,12,Florida,454011,1100078,3994201,5548290,637372,23128,0,0,317737,340865,206735,90662,297397,19862,390049,0,6594,416505
2016,12,Florida,448057,1088256,4562823,6099136,774613,23899,0,0,224353,248252,253480,90689,344169,20502,348622,0,34,369158
2017,12,Florida,453515,1130327,4093947,5677789,901127,21087,0,0,234519,255606,266708,91599,358307,21016,380918,0,0,401934
2018,12,Florida,402711,1216129,5062567,6681407,1036580,44634,0,0,266072,310706,281204,90858,372062,21738,387687,0,0,409425
2019,12,Florida,518373,1219169,4772194,6509736,1157945,45360,0,0,292533,337893,347976,102439,450415,22095,377725,0,0,399820
2020,12,Florida,274881,1305685,4987666,6568232,994754,44411,0,0,261817,306228,489695,125165,614860,21918,416803,0,0,438721
2021,12,Florida,343648,1305017,4663542,6312207,991957,45173,0,0,369808,414981,388344,124870,513214,23615,423928,0,0,447543
2022,12,Florida,189771,1537770,4777112,6504653,1126363,45205,0,0,265811,311016,333554,120357,453911,24095,449264,0,0,473359
2023,12,Florida,381524,1647532,5520768,7549824,1610566,54651,0,0,354725,409376,330159,120899,451058,24863,470210,0,0,495073
2015,13,Georgia,93299,137841,937066,1168206,248592,43016,10407,35608,10601,99632,442135,39824,481959,58246,190233,0,3410,251889
2016,13,Georgia,84547,143177,1076059,1303783,262428,37900,3296,24133,15497,80826,469420,51763,521183,61208,189838,0,15041,266087
2017,13,Georgia,157233,159574,1312297,1629104,461568,53020,4601,54164,19081,130866,710352,57656,768008,63534,222228,0,8495,294257
2018,13,Georgia,131217,219421,1251710,1602348,535082,59728,5196,31981,4575,101480,603675,47659,651334,63746,223093,0,412,287251
2019,13,Georgia,157204,261602,1145852,1564658,502141,62182,2292,45684,4575,114733,428862,55198,484060,72847,223456,0,322,296625
2020,13,Georgia,247864,323276,1191483,1762623,522727,100969,883,47435,21177,170464,176311,53206,229517,64884,222697,0,250,287831
2021,13,Georgia,165785,412573,1187421,1765779,484133,86685,1630,51541,21091,160947,316046,48515,364561,61154,244736,0,295,306185
2022,13,Georgia,164487,516643,1122016,1803146,468224,95851,6741,50696,23558,176846,327743,56141,383884,67460,261713,0,272,329445
2023,13,Georgia,237717,414976,1437624,2090317,496140,105620,2849,58306,25191,191966,329240,62132,391372,70744,291844,0,182,362770
2015,15,Hawaii,1082,14056,305320,320458,48672,1203,0,8656,0,9859,11321,7448,18769,0,3749,1735,4643,10127
2016,15,Hawaii,1890,13050,179506,194446,49081,1077,0,9268,0,10345,10992,7708,18700,0,2307,1885,4554,8746
2017,15,Hawaii,824,11314,281337,293475,53734,1036,0,10254,0,11290,10681,8103,18784,0,1909,1788,4463,8160
2018,15,Hawaii,1155,13566,178054,192775,48485,1205,0,10416,0,11621,10906,7858,18764,1902,6227,4537,0,12666
2019,15,Hawaii,1568,16072,225431,243071,48485,1205,0,10416,0,11621,10906,7858,18764,0,6319,1806,4537,12662
2020,15,Hawaii,1478,14338,250204,266020,45821,1126,0,11623,0,12749,17939,9657,27596,0,4182,1922,4090,10194
2021,15,Hawaii,1556,16367,119049,136972,30562,1188,0,10476,0,11664,18595,10383,28978,0,6670,2015,5000,13685
2022,15,Hawaii,2576,14689,206275,223540,35663,1195,0,10340,0,11535,15763,9280,25043,0,8433,1814,5028,15275
2023,15,Hawaii,2910,15274,153769,171953,36616,1224,0,13592,0,14816,21131,11921,33052,0,8239,2060,4726,15025
2015,16,Idaho,6603,67370,292669,366642,108624,2940,13358,1205,0,17503,22301,7954,30255,25441,3749,8749,6783,44722
2016,16,Idaho,4093,67563,228207,299863,74943,3337,17653,1466,0,22456,22098,8132,30230,30721,3930,7164,6549,48364
2017,16,Idaho,2444,70286,234401,307131,91884,4189,28268,1130,0,33587,24076,8230,32306,28122,4225,0,6502,38849
2018,16,Idaho,2194,77658,346708,426560,110514,2510,23900,921,0,27331,25584,7923,33507,28631,4113,0,7630,40374
2019,16,Idaho,8549,86750,507643,602942,83234,2839,26019,732,0,29590,24816,7635,32451,25573,5456,0,7254,38283
2020,16,Idaho,25289,96087,390183,511559,97666,3244,27410,878,0,31532,27598,7912,35510,26139,4006,0,7024,37169
2021,16,Idaho,28910,95156,524037,648103,101785,3526,16665,689,0,20880,24725,7767,32492,28805,5432,0,7044,41281
2022,16,Idaho,40013,112763,574220,726996,101527,4921,16674,606,0,22201,27911,9133,37044,23798,5245,0,6734,35777
2023,16,Idaho,49386,142926,549714,742026,124084,3212,12843,1111,0,17166,27325,8957,36282,19153,5349,0,6754,31256
2015,17,Illinois,92805,515812,3809078,4417695,537950,89372,75300,1,113603,278276,183916,77805,261721,50308,46655,30000,3767,130730
2016,17,Illinois,45474,539964,3635204,4220642,494662,86262,53987,1,115148,255398,134636,37980,172616,58316,25525,1,4485,88327
2017,17,Illinois,54628,671366,2818883,3544877,527400,91090,53987,0,121986,267063,147830,106908,254738,57722,46657,0,4566,108945
2018,17,Illinois,26051,657446,2772215,3455712,502188,78212,78251,1,152997,309461,129326,62542,191868,57375,40226,30000,1,127602
2019,17,Illinois,3849,634480,2507697,3146026,571886,87928,109699,0,159195,356822,119260,59854,179114,44807,45350,23000,1,113158
2020,17,Illinois,23325,671351,3544526,4239202,567862,93426,83035,0,143824,320285,179249,53747,232996,48631,46353,23000,0,117984
2021,17,Illinois,22479,592201,4148546,4763226,429380,88875,134756,1,143824,367456,262670,95111,357781,48632,39808,19000,6438,113878
2022,17,Illinois,22134,583467,3547515,4153116,438195,108250,104655,1,166097,379003,278578,99865,378443,39493,39629,23000,6283,108405
2023,17,Illinois,46114,620883,3150537,3817534,472148,111740,90975,1,124467,327183,317076,96114,413190,40421,30762,23000,6068,100251
2015,18,Indiana,68029,135464,1213534,1417027,641025,12966,30814,0,0,43780,84561,7103,91664,0,12580,0,9458,22038
2016,18,Indiana,39033,128728,1187588,1355349,647342,14675,24768,0,16522,55965,95509,7194,102703,0,2892,0,9522,12414
2017,18,Indiana,39863,158002,1106407,1304272,652626,16132,20790,0,44952,81874,100141,6889,107030,0,14143,0,9666,23809
2018,18,Indiana,29383,195699,1077713,1302795,874487,15453,25432,5829,0,46714,101121,7963,109084,0,15909,0,7091,23000
2019,18,Indiana,78041,232355,1243694,1554090,873794,17451,27973,0,0,45424,98224,8738,106962,0,14054,0,440,14494
2020,18,Indiana,95723,281416,1465664,1842803,875367,17610,33176,0,0,50786,105612,8660,114272,0,13024,0,669,13693
2021,18,Indiana,131330,337333,1815737,2284400,889375,18343,32210,0,0,50553,121193,8816,130009,0,15698,0,364,16062
2022,18,Indiana,58166,317405,1621640,1997211,980419,19857,24534,0,0,44391,124179,9385,133564,0,19003,0,874,19877
2023,18,Indiana,60619,359163,1676896,2096678,1011774,20113,19805,0,0,39918,142245,10345,152590,0,18851,2,2184,21037
2015,19,Iowa,55011,123466,829577,1008054,183425,13522,25236,3507,0,42265,32146,20439,52585,64585,55497,0,11718,131800
2016,19,Iowa,26786,124804,777303,928893,127015,21071,58528,1866,0,81465,46485,17927,64412,69496,55015,0,12074,136585
2017,19,Iowa,82974,129544,821843,1034361,124865,28057,58652,1914,0,88623,42318,16617,58935,64481,51469,0,11992,127942
2018,19,Iowa,33911,139604,928657,1102172,126883,24316,66800,4047,0,95163,41631,15357,56988,65748,68816,0,11847,146411
2019,19,Iowa,32274,148161,830970,1011405,133508,20888,70979,1674,0,93541,53904,15043,68947,72494,61305,0,11577,145376
2020,19,Iowa,24663,154499,1044858,1224020,226738,9580,28094,1530,0,39204,54248,18216,72464,74792,59327,0,12939,147058
2021,19,Iowa,31747,136514,1110913,1279174,205540,9701,31697,1420,0,42818,54562,16200,70762,74582,54476,0,10792,139850
2022,19,Iowa,10353,135767,1061301,1207421,204531,11674,10372,3605,0,25651,115891,14572,130463,78330,57947,0,11972,148249
2023,19,Iowa,19951,135326,1088482,1243759,231697,7480,16851,2996,0,27327,111528,18086,129614,81552,63910,0,13814,159276
2015,20,Kansas,30263,86630,651270,768163,130220,3274,4473,6685,18730,33162,63132,5614,68746,70759,14149,2390,4096,91394
2016,20,Kansas,38479,79323,662383,780185,111355,3324,2554,7301,6954,20133,63529,4560,68089,72230,14686,2606,4054,93576
2017,20,Kansas,6954,39360,401937,448251,124943,3238,1991,7095,60,12384,37129,3998,41127,70968,14510,5985,4069,95532
2018,20,Kansas,5041,52680,424101,481822,122861,3309,4664,6233,7813,22019,48408,7309,55717,75629,13075,4067,3835,96606
2019,20,Kansas,8700,58600,378465,445765,174314,3618,5223,6152,2541,17534,72917,7858,80775,84443,15862,3204,3502,107011
2020,20,Kansas,10547,65624,599978,676149,170131,3211,4138,5557,14418,27324,70809,7871,78680,78044,17758,3092,3036,101930
2021,20,Kansas,31673,112913,638830,783416,179207,3850,3723,6598,2931,17102,55678,13192,68870,88716,7737,3156,2960,102569
2022,20,Kansas,32352,132724,871784,1036860,177289,4904,4124,7088,5623,21739,115902,15326,131228,96093,20400,3275,2907,122675
2023,20,Kansas,23932,208760,1207696,1440388,174593,4776,4014,8755,18627,36172,126253,23534,149787,146965,23939,3717,3000,177621
2015,21,Kentucky,99151,217924,1417034,1734109,391971,0,29571,62543,0,92114,13636,15779,29415,95746,13426,0,0,109172
2016,21,Kentucky,106031,235877,1315383,1657291,375001,0,30310,61695,0,92005,13930,17089,31019,96846,10937,0,0,107783
2017,21,Kentucky,160461,217500,992711,1370672,314895,0,31744,59505,0,91249,14057,17810,31867,87677,10375,0,0,98052
2018,21,Kentucky,152398,178688,836463,1167549,359065,0,30853,65285,0,96138,15307,17087,32394,88597,13969,0,0,102566
2019,21,Kentucky,166584,207087,919490,1293161,383915,0,33090,69929,0,103019,15562,18843,34405,105369,14374,0,0,119743
2020,21,Kentucky,174670,219570,985215,1379455,385553,0,33270,65529,0,98799,15528,17576,33104,83458,13635,0,0,97093
2021,21,Kentucky,159649,197424,940760,1297833,388088,0,32816,64806,0,97622,13274,21911,35185,78100,12192,0,0,90292
2022,21,Kentucky,192883,223203,1100524,1516610,422093,0,34281,64083,0,98364,17316,22444,39760,56980,21519,0,0,78499
2023,21,Kentucky,174478,250951,1257678,1683107,522030,35337,74099,0,0,109436,17975,22956,40931,59437,17892,0,0,77329
2015,22,Louisiana,21159,65702,969518,1056379,361130,2796,2236,29374,10587,44993,40100,2898,42998,4412,11499,0,8241,24152
2016,22,Louisiana,16418,75732,996536,1088686,363889,3017,40,32841,5471,41369,45117,3240,48357,4358,2506,0,6366,13230
2017,22,Louisiana,36859,72302,1041930,1151091,374178,3102,583,35164,4011,42860,44166,4185,48351,1615,13906,0,6714,22235
2018,22,Louisiana,19250,65631,775584,860465,393377,3073,2234,30647,2202,38156,49845,3122,52967,1599,11425,0,6336,19360
2019,22,Louisiana,15176,62083,809487,886746,392864,3102,583,35164,2202,41051,51182,2594,53776,1489,11358,0,6844,19691
2020,22,Louisiana,31095,51729,889121,971945,416742,2929,38,29395,9997,42359,46876,2237,49113,1648,7888,0,9674,19210
2021,22,Louisiana,32005,69614,921081,1022700,426959,3156,3546,32100,11129,49931,50983,2194,53177,2111,9649,0,7164,18924
2022,22,Louisiana,36069,91402,1062780,1190251,431150,3214,374,30446,11718,45752,51592,2880,54472,1343,13620,0,6600,21563
2023,22,Louisiana,14192,80343,1185604,1280139,482810,6243,158,30254,12612,49267,53735,3678,57413,2294,14253,0,11624,28171
2015,23,Maine,6608,67640,331928,406176,122394,9503,35705,0,45392,90600,13951,7308,21259,16361,5465,1400,4801,28027
2016,23,Maine,6699,70504,346376,423579,133943,10090,29171,0,46719,85980,13704,7034,20738,18203,6719,1414,4762,31098
2017,23,Maine,7268,75986,426604,509858,150681,8963,37320,0,58941,105224,14157,7243,21400,18944,8126,1421,5501,33992
2018,23,Maine,5428,78244,356535,440207,173428,8871,43804,0,25609,78284,15699,7922,23621,19816,8224,1544,6147,35731
2019,23,Maine,5312,79404,401574,486290,143199,8747,45888,0,53474,108109,15118,7681,22799,20124,8495,1503,6102,36224
2020,23,Maine,4866,83395,509402,597663,148991,10274,45554,0,48270,104098,15410,8719,24129,17148,8470,1733,5125,32476
2021,23,Maine,6150,80603,441556,528309,153625,9050,34980,0,61665,105695,15375,8640,24015,12867,8019,1666,4658,27210
2022,23,Maine,8061,60166,465466,533693,120565,10118,43838,0,63419,117375,37283,9006,46289,20968,10350,1723,6211,39252
2023,23,Maine,3099,64734,499757,567590,119164,10261,47449,0,69758,127468,37834,10827,48661,21695,10803,1639,5802,39939
2015,24,Maryland,112721,173615,1084246,1370582,173359,32272,116140,31728,92363,272503,80759,26867,107626,178538,10329,1234,352,190453
2016,24,Maryland,125050,224784,1061575,1411409,175018,35306,99998,34423,132181,301908,88701,27069,115770,178760,3499,1537,361,184157
2017,24,Maryland,90644,214906,1146180,1451730,187876,36725,53521,37364,90126,217736,85208,27981,113189,480919,52167,2192,329,535607
2018,24,Maryland,96948,209812,1241685,1548445,221003,41414,86492,37040,147060,312006,82121,29628,111749,347054,9826,2134,505,359519
2019,24,Maryland,73532,186269,1260444,1520245,199630,36542,95282,29685,59765,221274,91058,27748,118806,376235,14103,2634,1016,393988
2020,24,Maryland,61609,204127,1324873,1590609,89238,39365,36213,32342,100510,208430,97885,29973,127858,396553,14814,2497,1532,415396
2021,24,Maryland,34332,123844,1075306,1233482,282305,20772,26256,39141,109705,195874,86163,34049,120212,531608,14349,10389,55771,612117
2022,24,Maryland,20394,135945,1082897,1239236,283884,39131,45386,38858,92491,215866,88898,47242,136140,555825,15912,10731,28363,610831
2023,24,Maryland,21790,150349,1078069,1250208,290699,26325,35363,48983,181504,292175,215433,47242,262675,511863,17481,14409,31180,574933
2017,25,Massachusetts,7871,232076,1516896,1756843,175165,9146,125856,1668,13800,150470,265685,15864,281549,148732,10634,12995,0,172361
2019,25,Massachusetts,7174,99279,771099,877552,209829,15045,87262,870,0,103177,151329,16178,167507,139988,17156,10511,0,167655
2021,25,Massachusetts,13991,100015,966839,1080845,223951,21028,76353,321,0,97702,157257,30312,187569,126214,17954,11009,0,155177
2022,25,Massachusetts,20895,135849,817912,974656,227985,21186,86664,359,604454,712663,307576,32951,340527,114300,21815,10860,0,146975
2023,25,Massachusetts,24334,160523,904146,1089003,302545,19641,92953,377,0,112971,184602,41955,226557,133065,27703,10718,0,171486
2020,,Massachusetts  (3),7174,99279,771099,877552,209829,15045,87262,870,0,103177,151329,16178,167507,139988,17156,10511,0,167655
2015,,Massachusetts  3/,11596,165390,887053,1064039,147473,13253,69688,144,55937,139022,270170,3928,274098,159695,16813,25178,1519,203205
2016,,Massachusetts  3/,11596,165390,887053,1064039,147473,13253,69688,144,55937,139022,270170,3928,274098,159695,16813,25178,1519,203205
2018,,Massachusetts  3/,7871,232076,1516896,1756843,175165,9146,125856,1668,13800,150470,265685,15864,281549,148732,10634,12995,0,172361
2015,26,Michigan,6648,59383,1016513,1082544,209908,12737,81594,0,9320,103651,92733,27945,120678,195848,31992,0,13730,241570
2016,26,Michigan,24154,72730,921212,1018096,222789,27637,74912,0,8665,111214,117155,24419,141574,188022,23016,0,21346,232384
2017,26,Michigan,78206,72244,1085279,1235729,220865,25119,71262,0,11627,108008,59929,86460,146389,278600,38605,0,19493,336698
2018,26,Michigan,62441,4331,1164647,1231419,233567,27480,90980,0,12006,130466,53573,77078,130651,296068,34534,0,20199,350801
2019,26,Michigan,67932,3209,1382296,1453437,240425,30084,91199,0,17354,138637,94616,32580,127196,301086,34054,0,22865,358005
2020,26,Michigan,34733,4094,1467112,1505939,291682,22991,81451,0,19304,123746,111430,28545,139975,206777,32405,0,24454,263636
2021,26,Michigan,16422,257648,1405498,1679568,305266,38715,77699,0,15125,131539,114192,29678,143870,272048,32839,0,24581,329468
2022,26,Michigan,31011,330646,1622234,1983891,334440,41758,96827,0,12817,151402,110971,33598,144569,291299,34569,31901,0,357769
2023,26,Michigan,20185,350751,2100832,2471768,331358,45229,93994,0,17178,156401,122475,28705,151180,372972,38274,30639,0,441885
2015,27,Minnesota,58370,428186,739387,1225943,428186,33487,75302,14638,0,123427,151933,1477,153410,90928,41909,768,8663,142268
2016,27,Minnesota,44061,301768,1057875,1403704,301768,33101,61908,16012,0,111021,157135,578,157713,94258,43659,833,8160,146910
2017,27,Minnesota,31626,42954,982357,1056937,348728,37497,79129,19055,0,135681,145625,440,146065,109796,47205,806,8179,165986
2018,27,Minnesota,36840,117505,837081,991426,383455,33994,98946,18132,0,151072,152371,26334,178705,103016,40655,839,8161,152671
2019,27,Minnesota,28832,180157,988626,1197615,397676,36333,107880,16696,0,160909,149563,31590,181153,115107,41318,847,8971,166243
2020,27,Minnesota,40493,193991,1031346,1265830,413561,34858,102813,21411,0,159082,208837,23165,232002,110617,39684,885,8878,160064
2021,27,Minnesota,34916,201604,1027207,1263727,440625,38857,95844,24701,0,159402,198858,26959,225817,121492,43950,538,8419,174399
2022,27,Minnesota,45265,211861,955177,1212303,370502,34335,116742,19494,0,170571,201420,24685,226105,138441,38730,1224,9808,188203
2023,27,Minnesota,65578,283399,1084645,1433622,427168,33539,143806,17332,0,194677,215370,32973,248343,150063,48022,1215,11492,210792
2015,28,Mississippi,55990,93868,567067,716925,50349,1663,3633,20963,0,26259,50472,20841,71313,8646,10452,0,13401,32499
2016,28,Mississippi,58137,94494,572577,725208,58632,1345,614,21778,0,23737,52895,20284,73179,7281,2931,0,13899,24111
2017,28,Mississippi,63578,97049,700257,860884,58738,1355,413,20298,0,22066,47753,13044,60797,6617,15824,0,14849,37290
2018,28,Mississippi,35511,99436,575296,710243,89588,1554,2488,20708,0,24750,47454,11009,58463,4770,10775,0,14459,30004
2019,28,Mississippi,25954,101676,581001,708631,97766,1706,568,24251,0,26525,44734,15707,60441,5953,10976,0,15754,32683
2020,28,Mississippi,31123,99198,559242,689563,89400,1833,249,23836,0,25918,53217,12318,65535,6405,5863,0,13889,26157
2021,28,Mississippi,25607,113068,573422,712097,122589,2669,4684,28224,0,35577,46383,15318,61701,7861,10994,0,13280,32135
2022,28,Mississippi,33891,107180,555791,696862,93135,2536,790,26375,0,29701,51503,11816,63319,7384,13614,0,12307,33305
2023,28,Mississippi,20197,119959,799520,939676,102356,2053,745,25948,0,28746,54251,13702,67953,7382,13642,0,14809,35833
2015,29,Missouri,24054,114282,731542,869878,361810,62766,49213,0,0,111979,51889,22206,74095,202518,29399,4536,8214,244667
2016,29,Missouri,21605,102102,635376,759083,380249,69323,27250,0,0,96573,52946,19434,72380,202248,30952,4701,8412,246313
2017,29,Missouri,18170,125128,615530,758828,399445,67939,27003,0,0,94942,52068,21747,73815,209651,34860,4701,8412,257624
2018,29,Missouri,9312,151607,758946,919865,408239,71450,30932,0,0,102382,57135,22042,79177,205802,30440,4784,9305,250331
2019,29,Missouri,14686,77361,713146,805193,390912,67540,54781,0,0,122321,63310,119221,182531,209847,31480,4784,8611,254722
2020,29,Missouri,17687,207929,801142,1026758,392370,69418,53323,0,0,122741,58695,24354,83049,217026,30661,4719,8144,260550
2021,29,Missouri,38308,258696,798670,1095674,375709,65245,52718,0,0,117963,51896,25074,76970,174404,30962,4794,5615,215775
2022,29,Missouri,29980,353526,712584,1096090,434219,70562,49460,0,0,120022,53587,27167,80754,219076,35478,4883,7694,267131
2023,29,Missouri,20369,280600,1121636,1422605,469215,80981,38406,0,0,119387,55951,32799,88750,238904,35660,5173,7908,287645
2015,30,Montana,11076,73912,368877,453865,87386,14877,23856,5237,0,43970,69140,10542,79682,35583,13712,45,10112,59452
2016,30,Montana,12826,73900,358298,445024,78204,15927,27010,5141,0,48078,42638,11920,54558,44566,12646,47,10421,67680
2017,30,Montana,12201,73533,315532,401266,73442,13668,31457,4782,0,49907,51338,8607,59945,45072,15470,55,9541,70138
2018,30,Montana,9843,77698,358823,446364,78349,9572,37314,3929,0,50815,29570,8027,37597,36712,13290,49,8303,58354
2019,30,Montana,7897,82466,438092,528455,81235,13284,34792,5010,0,53086,34764,9377,44141,39012,12673,48,10052,61785
2020,30,Montana,13417,92509,479516,585442,84056,17006,31735,5380,0,54121,35144,8982,44126,39911,13185,66,9901,63063
2021,30,Montana,6512,95988,414590,517090,87666,13191,28299,6449,0,47939,76623,9726,86349,44273,14540,51,10070,68934
2022,30,Montana,6092,65285,384198,455575,90334,17029,30558,4838,0,52425,44895,11633,56528,52079,12271,40,8399,72789
2023,30,Montana,11811,69242,504092,585145,116072,16781,40690,6366,0,63837,89128,12630,101758,45030,13913,46,10850,69839
2015,31,Nebraska,5024,58406,426724,490154,146739,40260,25916,0,0,66176,10273,10536,20809,48627,7635,18369,408,75039
2016,31,Nebraska,4644,63705,504521,572870,149847,44606,31759,0,0,76365,8767,10527,19294,49478,6665,19979,520,76642
2017,31,Nebraska,7156,61144,477676,545976,129621,43742,26485,0,0,70227,3689,12658,16347,50185,7531,21062,0,78778
2018,31,Nebraska,14733,69348,462285,546366,125413,40800,35802,0,0,76602,6286,12977,19263,0,52430,25552,0,77982
2019,31,Nebraska,6806,57661,419079,483546,148236,40800,35802,0,0,76602,5996,13207,19203,0,55088,33347,0,88435
2020,31,Nebraska,27327,78352,532560,638239,101929,5611,40818,16123,0,62552,55998,15299,71297,44639,7225,8828,7650,68342
2021,31,Nebraska,11794,70643,513020,595457,107929,6015,38178,15616,0,59809,63605,15849,79454,38677,7949,0,12419,59045
2022,31,Nebraska,4665,67417,596603,668685,111614,6098,18615,16653,0,41366,68409,11910,80319,50079,8261,0,13016,71356
2023,31,Nebraska,11353,76087,744029,831469,111579,5920,40656,16703,0,63279,76409,15736,92145,47459,10701,0,12428,70588
2015,32,Nevada,108377,105150,229598,443125,72300,11014,9489,16465,1165,38133,117090,18488,135578,11403,76626,12303,6822,107154
2016,32,Nevada,58140,112190,430504,600834,92388,9857,13880,12048,1102,36887,153212,18866,172078,12306,77370,4024,7296,100996
2017,32,Nevada,57088,125744,549308,732140,106016,13296,13235,16282,1448,44261,168264,14725,182989,12338,80694,4193,7450,104675
2018,32,Nevada,33923,122502,605986,762411,103971,16876,9402,19743,1448,47469,156805,16014,172819,15035,84798,4232,7424,111489
2019,32,Nevada,26442,133980,530156,690578,109757,12675,14981,17653,1222,46531,168282,15619,183901,15388,83439,4343,7278,110448
2020,32,Nevada,13420,120520,352765,486705,133783,11693,10569,17807,1222,41291,189302,19284,208586,14964,105746,4310,7573,132593
2021,32,Nevada,17260,106906,431487,555653,123054,13807,11221,17918,0,42946,198913,21459,220372,14632,111294,4628,8024,138578
2022,32,Nevada,43914,127885,477398,649197,131046,11867,10282,15839,0,37988,208400,20841,229241,15561,88935,4474,9637,118607
2023,32,Nevada,25989,146240,543192,715421,153171,11201,22346,14296,0,47843,265992,21565,287557,15946,88771,4364,10089,119170
2015,33,New Hampshire,5877,31601,274188,311666,115835,8326,44825,41752,26593,121496,51126,35421,86547,33622,3339,0,5513,42474
2016,33,New Hampshire,6800,26511,206661,239972,53464,5640,33468,32230,30024,101362,34492,10874,45366,35314,267,0,5499,41080
2017,33,New Hampshire,5759,14707,240199,260665,59046,6396,32808,36301,29742,105247,53543,9223,62766,8748,3466,0,0,12214
2018,33,New Hampshire,3541,28500,246996,279037,35802,5767,37182,4908,26689,74546,100400,9727,110127,8614,3782,0,0,12396
2019,33,New Hampshire,8649,21107,243390,273146,31771,6091,41170,4574,26689,78524,98010,11391,109401,8392,3678,0,0,12070
2020,33,New Hampshire,10164,19284,253924,283372,33136,6480,34012,5101,20688,66281,121535,12416,133951,8501,4006,0,0,12507
2021,33,New Hampshire,11107,20987,203724,235818,29162,6129,31979,4945,9969,53022,113949,12292,126241,8421,3987,0,0,12408
2022,33,New Hampshire,4041,23665,177270,204976,30159,6705,38265,5297,33847,84114,120317,11588,131905,8144,5245,0,0,13389
2023,33,New Hampshire,5691,21454,255017,282162,31765,6988,48586,6255,17865,79694,131580,14370,145950,9452,5349,0,0,14801
2015,34,New Jersey,61811,184281,2834567,3080659,333013,37000,120903,19872,188904,366679,143301,70416,213717,225968,34234,133414,2965,396581
2016,34,New Jersey,77014,206667,2347943,2631624,441990,43402,80135,4286,173612,301435,100499,71546,172045,229541,23842,134113,2980,390476
2017,34,New Jersey,102291,147950,2051341,2301582,462117,12070,59344,8539,194361,274314,104740,75518,180258,235285,37143,141068,3135,416631
2018,34,New Jersey,132486,161547,2638862,2932895,513509,35324,22354,10768,207823,276269,113801,62940,176741,253352,39379,148432,3298,444461
2019,34,New Jersey,135076,184916,2624942,2944934,434153,30852,75072,26554,175764,308242,104534,69374,173908,265451,41485,156304,3473,466713
2020,34,New Jersey,58252,200750,2501185,2760187,412863,31659,41132,20917,255181,348889,91251,50434,141685,266921,40713,148840,3308,459782
2021,34,New Jersey,28052,249054,2188054,2465160,268007,19187,109157,12215,55880,196439,67349,42367,109716,174238,42186,160447,3565,380436
2022,34,New Jersey,27360,160040,1725449,1912849,235262,30319,70825,15113,62453,178710,46418,35048,81466,192150,43368,177387,3942,416847
2023,34,New Jersey,30403,187398,2756460,2974261,497568,34533,27045,33839,246563,341980,129721,38731,168452,339516,53222,200192,4449,597379
2015,35,New Mexico,4600,13560,427654,445814,42604,0,4171,0,0,4171,334711,9391,344102,0,22685,0,0,22685
2016,35,New Mexico,3424,14398,374618,392440,10676,0,3720,0,0,3720,282306,8155,290461,0,16065,0,0,16065
2017,35,New Mexico,4354,13310,363798,381462,98000,0,1036,0,0,1036,267338,6689,274027,0,15765,0,0,15765
2018,35,New Mexico,3413,22068,414266,439747,48327,0,312,0,0,312,253046,6723,259769,0,14904,0,0,14904
2019,35,New Mexico,4932,18300,412161,435393,51562,0,1176,0,0,1176,306933,7144,314077,0,16893,0,0,16893
2020,35,New Mexico,3296,16033,454834,474163,48037,0,1184,0,0,1184,361624,8030,369654,0,16318,0,0,16318
2021,35,New Mexico,3279,20571,640442,664292,40701,0,1185,0,0,1185,283188,5497,288685,0,14124,0,0,14124
2022,35,New Mexico,12225,20665,574514,607404,96139,0,1245,0,0,1245,280613,6974,287587,0,16150,0,0,16150
2023,35,New Mexico,11229,22053,676752,710034,115038,0,1296,0,0,1296,363550,8793,372343,0,16095,0,0,16095
2015,36,New York,37304,397391,3861353,4296048,846253,36478,0,183156,452255,671889,357921,24319,382240,391098,35743,3501,3659,434001
2016,36,New York,15648,343995,3928506,4288149,804466,37724,0,191028,484398,713150,448592,25150,473742,472636,9598,3414,4004,489652
2017,36,New York,47264,564096,3407402,4018762,878169,44014,33050,218279,449696,745039,450400,29342,479742,453587,36295,23541,1578,515001
2018,36,New York,41042,521997,2332839,2895878,701825,41714,0,748211,733486,1523411,365439,27421,392860,461317,40447,19511,4277,525552
2019,36,New York,41078,359187,3537715,3937980,445774,43099,0,719818,711859,1474776,436118,28733,464851,465014,37939,3283,7776,514012
2020,36,New York,36934,629692,3608225,4274851,419030,43387,0,966443,694689,1704519,430363,28924,459287,497280,9916,2946,6624,516766
2021,36,New York,25981,801944,2841479,3669404,362893,37820,0,585235,825246,1448301,609272,25213,634485,150453,31827,3344,6691,192315
2022,36,New York,13757,716928,2865949,3596634,195143,151,0,465347,812663,1278161,604868,100,604968,285612,41795,2873,5093,335373
2023,36,New York,28134,1598187,2802017,4428338,440591,40759,0,670558,1050010,1761327,701965,27172,729137,513588,48020,3236,8152,572996
2015,37,North Carolina,272667,113046,1987151,2372864,754359,43534,66715,0,19052,129301,251073,38476,289549,301839,86566,10556,709,399670
2016,37,North Carolina,423749,107654,2145501,2676904,775455,60323,67915,0,28604,156842,228964,36487,265451,107560,53122,10105,1109,171896
2017,37,North Carolina,311013,358487,2400061,3069561,942437,73527,54516,0,42829,170872,276715,38878,315593,123457,45744,10432,291,179924
2018,37,North Carolina,361299,472446,3001298,3835043,873764,64492,88677,597,29184,182950,209249,45616,254865,121532,51478,9529,607,183146
2019,37,North Carolina,506572,572508,3765243,4844323,1101819,81872,64251,0,24887,171010,333378,41397,374775,125392,53202,8245,843,187682
2020,37,North Carolina,529395,446261,3583028,4558684,616638,97537,31286,1914,28166,158903,304566,42030,346596,121525,47930,8499,435,178389
2021,37,North Carolina,438513,262015,3200600,3901128,548869,92051,47306,0,37628,176985,280577,34084,314661,125958,43992,9185,177,179312
2022,37,North Carolina,624144,476961,3301971,4403076,818845,133090,67280,0,64892,265262,64932,58941,123873,125511,54656,8422,217,188806
2023,37,North Carolina,985539,631702,3197827,4815068,1059206,112029,39369,927,63689,216014,204776,32233,237009,136130,48558,8071,346,193105
2015,38,North Dakota,6493,85213,559589,651295,12727,556,13516,3554,0,17626,23235,3521,26756,15761,11876,3077,2632,33346
2016,38,North Dakota,6662,100421,442864,549947,12477,435,11835,3872,0,16142,19724,3467,23191,14449,10857,3317,3817,32440
2017,38,North Dakota,7945,84618,520899,613462,8199,482,16645,3479,0,20606,19061,3054,22115,12098,10264,2595,2201,27158
2018,38,North Dakota,8134,51230,204518,263882,10006,620,14711,3278,0,18609,17321,3194,20515,14230,10243,4029,2515,31017
2019,38,North Dakota,6957,68738,300592,376287,11092,660,15752,3436,0,19848,17628,2666,20294,13635,11353,4859,1754,31601
2020,38,North Dakota,5142,39017,328440,372599,8471,783,18203,3357,0,22343,17533,2414,19947,13975,11136,4833,1773,31717
2021,38,North Dakota,13108,47225,321732,382065,11910,502,14127,4007,0,18636,34292,2296,36588,12674,13762,3889,2302,32627
2022,38,North Dakota,2244,55649,371041,428934,9636,644,23804,3773,0,28221,28960,2541,31501,9731,14505,4553,2401,31190
2023,38,North Dakota,16416,82971,528629,628016,10695,887,32839,4089,0,37815,28364,2894,31258,17988,15016,4449,4118,41571
2015,39,Ohio,111623,290194,2330963,2732780,145032,28904,212805,75654,54415,371778,351067,56582,407649,266028,27397,11252,3354,308031
2016,39,Ohio,53927,278189,2333164,2665280,179069,32775,127247,90234,48095,298351,110887,52736,163623,286712,9784,12934,3273,312703
2017,39,Ohio,60635,270340,2075466,2406441,198604,27431,120903,72513,45306,266153,34744,59945,94689,307467,29427,13125,2629,352648
2018,39,Ohio,43565,250721,1804035,2098321,196187,29789,186921,63550,48793,329053,226950,56365,283315,416023,46625,7435,10308,480391
2019,39,Ohio,36449,303168,1630763,1970380,182572,28981,146745,80978,40766,297470,549021,63500,612521,333504,163446,6436,1490,504876
2020,39,Ohio,47093,369438,1806581,2223112,200341,35228,117793,97865,54638,305524,305284,63136,368420,332879,183739,5733,1250,523601
2021,39,Ohio,36913,302628,1985421,2324962,150127,32174,185723,92756,70537,381190,148820,63548,212368,318827,177138,5295,1081,502341
2022,39,Ohio,24380,205667,1435424,1665471,241802,61216,216625,170710,60963,509514,218458,61115,279573,336210,182115,5730,1025,525080
2023,39,Ohio,151754,1539035,399476,2090265,186590,38809,109288,101963,58224,308284,385352,63334,448686,357042,188399,3870,1075,550386
2015,40,Oklahoma,75087,84374,949207,1108668,562532,986,15346,20169,39065,75566,277830,15680,293510,175278,18357,0,9785,203420
2016,40,Oklahoma,52339,103407,1294357,1450103,938469,17682,18121,20601,37568,93972,270361,10487,280848,176797,9806,0,8473,195076
2017,40,Oklahoma,33013,91143,1469594,1593750,448238,1482,18546,19310,33361,72699,252248,16224,268472,191669,8741,0,7650,208060
2018,40,Oklahoma,4244,81927,1248318,1334489,522999,985,8837,18767,46202,74791,248428,14568,262996,194349,8898,0,9761,213008
2019,40,Oklahoma,104161,89079,1166790,1360030,617841,681,13302,19668,51611,85262,232390,14872,247262,166955,9570,0,9217,185742
2020,40,Oklahoma,86889,77549,1327037,1491475,677190,561,9893,20450,51611,82515,262542,18019,280561,187647,8352,0,10034,206033
2021,40,Oklahoma,78628,82702,1287790,1449120,702814,1126,21244,19055,59563,100988,253078,19575,272653,247895,11700,0,8785,268380
2022,40,Oklahoma,118803,94072,1337660,1550535,627368,1196,11882,16700,48933,78711,223415,16264,239679,235722,14109,0,10028,259859
2023,40,Oklahoma,115592,101304,1313997,1530893,830288,1423,8650,21007,92539,123619,300224,17510,317734,263959,14591,0,13443,291993
2015,41,Oregon,33785,83883,510737,628405,193579,16455,14666,21174,0,52295,121974,21816,143790,61867,13375,0,0,75242
2016,41,Oregon,29343,89241,426281,544865,171677,15285,23543,18613,0,57441,111547,20808,132355,61867,13083,0,0,74950
2017,41,Oregon,23214,97714,803428,924356,211682,17444,43536,19101,0,80081,137414,22533,159947,61867,16013,0,0,77880
2020,41,Oregon,18509,157278,1043418,1219205,258075,19897,0,23416,0,43313,128354,27864,156218,51077,19262,0,0,70339
2021,41,Oregon,22091,203259,394770,620120,529790,21961,0,28640,0,50601,144947,40052,184999,54112,19414,0,0,73526
2022,41,Oregon,54845,201534,603733,860112,440326,20595,0,27397,0,47992,141268,44166,185434,79099,22305,0,0,101404
2023,41,Oregon,61449,237313,723000,1021762,325699,22592,0,28413,0,51005,176125,34458,210583,79099,25891,0,0,104990
2019,,Oregon    (3),23214,97714,803428,924356,211682,17444,43536,19101,0,80081,137414,22533,159947,61867,16013,0,0,77880
2018,,Oregon    3/,23214,97714,803428,924356,211682,17444,43536,19101,0,80081,137414,22533,159947,61867,16013,0,0,77880
2015,42,Pennsylvania,99201,377995,3074062,3551258,631767,153910,369460,83758,221135,828263,557471,49633,607104,767849,48635,2428,15750,834662
2016,42,Pennsylvania,131352,506813,4020083,4658248,536137,165938,216787,92125,515237,990087,440079,60261,500340,721388,46256,3069,16304,787017
2017,42,Pennsylvania,99087,403458,2854220,3356765,622429,159773,258341,105156,584515,1107785,488426,63113,551539,742051,51942,2840,15552,812385
2018,42,Pennsylvania,118621,476694,3531382,4126697,645103,153681,311437,98560,610627,1174305,497751,61361,559112,747148,78605,2994,20347,849094
2019,42,Pennsylvania,75647,502054,3239347,3817048,621205,141030,305338,97127,630155,1173650,510022,435064,945086,721200,69990,3097,19691,813978
2020,42,Pennsylvania,95016,507469,3116874,3719359,575228,155476,223726,106003,598812,1084017,486421,118305,604726,677640,58771,3269,20781,760461
2021,42,Pennsylvania,81867,419657,3352825,3854349,411348,145336,327649,95702,675793,1244480,462996,97442,560438,656385,64418,3155,20200,744158
2022,42,Pennsylvania,120823,466189,2521212,3108224,579733,145406,276390,116848,627083,1165727,492959,105692,598651,464324,67378,3332,21434,556468
2023,42,Pennsylvania,128557,519160,3446674,4094391,602303,156737,209948,133294,644783,1144762,528593,100453,629046,461773,68358,4187,37452,571770
2016,44,Rhode Island,2011,68764,199711,270486,79623,2296,26247,0,6384,34927,42896,10377,53273,21244,6307,0,0,27551
2017,44,Rhode Island,1953,60552,124872,187377,80969,1934,23594,0,7974,33502,51732,9645,61377,29287,11149,0,0,40436
2018,44,Rhode Island,2776,86059,169403,258238,73646,1984,25127,0,8799,35910,26542,8711,35253,23014,8352,0,0,31366
2019,44,Rhode Island,854,50853,304380,356087,71292,1772,32455,124,7758,42109,31736,3917,35653,23906,8319,0,0,32225
2020,44,Rhode Island,2102,55354,344717,402173,78923,1991,33523,85,5427,41026,27213,5882,33095,18233,8668,0,0,26901
2021,44,Rhode Island,2248,48141,350293,400682,67960,2290,36620,92,2326,41328,25925,4330,30255,26757,10493,0,0,37250
2022,44,Rhode Island,6715,46155,312313,365183,62795,2881,40753,375,12623,56632,22343,3722,26065,26271,14008,0,0,40279
2023,44,Rhode Island,3580,52898,403096,459574,59340,4455,42921,596,16166,64138,23281,4280,27561,32303,14032,0,0,46335
2015,,Rhode Island  4/,4737,47304,194665,246706,75553,3883,12365,378,5776,22402,36604,8590,45194,21328,5178,0,0,26506
2015,45,South Carolina,27066,87070,537199,651335,487629,19565,831,0,7129,27525,93322,19033,112355,84475,27743,0,10628,122846
2016,45,South Carolina,35142,263271,442701,741114,258047,15782,0,0,2369,18151,114765,4340,119105,0,0,0,0,0
2017,45,South Carolina,20042,186143,865537,1071722,283972,15476,0,0,6220,21696,132565,0,132565,0,7023,0,0,7023
2018,45,South Carolina,51663,182869,982493,1217025,376188,14841,0,0,6475,21316,132088,0,132088,97062,7207,0,0,104269
2019,45,South Carolina,32434,217884,1652730,1903048,368670,9735,0,0,6777,16512,126634,0,126634,0,8888,0,0,8888
2020,45,South Carolina,67592,133703,1907712,2109007,424658,9362,0,0,6394,15756,123814,1372,125186,0,7856,0,0,7856
2021,45,South Carolina,44248,227385,1206979,1478612,397325,8611,0,0,6551,15162,132594,4287,136881,0,7872,0,0,7872
2022,45,South Carolina,427646,232286,942929,1602861,528892,6208,0,0,3046,9254,134164,6795,140959,0,10424,0,0,10424
2023,45,South Carolina,60328,257831,1424656,1742815,526708,16567,0,0,2990,19557,137990,7045,145035,0,16977,0,0,16977
2015,46,South Dakota,7868,21523,284809,314200,54573,8107,15532,123,0,23762,50830,12161,62991,30825,5639,0,0,36464
2016,46,South Dakota,8721,18668,299033,326422,57524,8453,19056,102,0,27611,54846,12527,67373,30674,5514,0,0,36188
2017,46,South Dakota,9898,17855,235840,263593,53837,7891,17394,82,0,25367,51720,13117,64837,31685,7004,0,0,38689
2018,46,South Dakota,11060,16318,190411,217789,58434,10099,20056,73,0,30228,62750,10013,72763,32786,6342,0,0,39128
2019,46,South Dakota,10223,16052,219631,245906,61376,8558,28580,88,0,37226,99637,13952,113589,32771,5186,0,0,37957
2020,46,South Dakota,17754,30001,397765,445520,59052,8902,21308,85,0,30295,94150,13248,107398,34390,5350,0,0,39740
2021,46,South Dakota,16233,39374,459609,515216,58352,8855,17116,99,0,26070,86709,13699,100408,29778,5223,0,0,35001
2022,46,South Dakota,12816,33273,444035,490124,57632,11182,22993,116,0,34291,111069,14218,125287,29184,6683,0,0,35867
2023,46,South Dakota,18937,39326,548856,607119,95933,9091,33490,158,0,42739,127054,17291,144345,34430,6894,0,0,41324
2015,47,Tennessee,76634,195273,761910,1033817,276144,2653,35801,0,1185,39639,150166,18160,168326,0,35664,0,0,35664
2016,47,Tennessee,74456,191185,750517,1016158,281864,3277,21755,0,1145,26177,166927,14852,181779,0,33395,0,0,33395
2017,47,Tennessee,88239,181802,719640,989681,269710,3473,10428,0,1256,15157,233667,15423,249090,0,40343,0,0,40343
2018,47,Tennessee,82639,213994,828078,1124711,361304,5279,21712,0,1172,28163,216721,24277,240998,0,36006,0,0,36006
2019,47,Tennessee,107578,239572,825179,1172329,381982,6446,13873,0,1400,21719,215253,20043,235296,0,34839,0,0,34839
2020,47,Tennessee,102643,264348,1002154,1369145,364502,6514,10764,0,1409,18687,237868,26188,264056,0,35586,0,0,35586
2021,47,Tennessee,98835,255665,920647,1275147,378125,5495,26734,0,1343,33572,213440,31897,245337,0,36135,0,0,36135
2022,47,Tennessee,103078,287537,979627,1370242,396439,5945,27754,0,1400,35099,230442,35306,265748,0,41857,0,0,41857
2023,47,Tennessee,134111,314036,1200013,1648160,467949,7634,24464,0,1744,33842,235844,42609,278453,0,42532,0,0,42532
2015,48,Texas,675641,959165,10212266,11847072,1984809,96446,30237,2083,199728,328494,315690,14128,329818,316740,204446,19694,90290,631170
2016,48,Texas,475698,1067608,5631975,7175281,1945247,115803,9191,2265,192276,319535,337285,31428,368713,351023,200137,24259,109166,684585
2017,48,Texas,649100,1153348,6913916,8716364,1746372,126648,5572,1980,199584,333784,407217,28139,435356,365492,132855,19081,178894,696322
2018,48,Texas,462314,1143826,6601029,8207169,1713704,117388,18058,2499,189201,327146,366366,24354,390720,283422,213460,22978,94474,614334
2019,48,Texas,594177,1278471,7749851,9622499,1828472,116313,12763,2598,141588,273262,413718,18512,432230,461641,193893,4400,43138,703072
2020,48,Texas,636051,1401585,9336557,11374193,1802114,120878,12981,2743,168730,305332,441277,19247,460524,457327,229198,4981,47142,738648
2021,48,Texas,664252,1147963,9464358,11276573,1839432,81906,46279,2682,202860,333727,477826,24946,502772,453816,250968,5323,46691,756798
2022,48,Texas,631815,947354,8277977,9857146,1981990,116954,25366,3006,257483,402809,2215280,26585,2241865,557890,284302,10157,58154,910503
2023,48,Texas,559377,941186,9716446,11217009,1982927,139906,22100,2865,316803,481674,2276772,25383,2302155,632419,313648,10143,52931,1009141
2015,49,Utah,65328,15946,378573,459847,304573,12596,14381,36942,800,64719,71319,20821,92140,3953,61401,1366,3786,70506
2016,49,Utah,81854,16466,358602,456922,303474,23125,24966,44780,1065,93936,69572,25134,94706,3452,73515,1426,3987,82380
2017,49,Utah,112318,16003,435632,563953,375251,24922,29088,45451,1797,101258,52911,32720,85631,3320,79112,1416,4025,87873
2018,49,Utah,87514,134906,657978,880398,205895,18413,18206,7346,1456,45421,71272,20656,91928,69541,21680,6610,6537,104368
2019,49,Utah,123659,155699,659566,938924,191348,25743,33439,7677,0,66859,41093,26385,67478,61995,22481,5811,9354,99641
2020,49,Utah,167699,143131,850133,1160963,225235,35466,26503,9322,2765,74056,36672,28692,65364,83053,14055,2889,8712,108709
2021,49,Utah,75667,128296,1052679,1256642,235704,17650,23154,7591,1945,50340,44311,27304,71615,87222,15047,2378,8045,112692
2022,49,Utah,72667,128079,974846,1175592,225721,11164,24776,8897,1147,45984,79051,24453,103504,90958,23420,2408,7019,123805
2023,49,Utah,113887,165687,631448,911022,232435,13418,46608,7958,1199,69183,70774,26483,97257,120236,16462,2740,6277,145715
2015,50,Vermont,1917,14455,187230,203602,96937,1150,21301,0,0,22451,44700,11739,56439,58229,6167,0,0,64396
2016,50,Vermont,2215,16110,165119,183444,96120,1137,13433,0,0,14570,48361,11219,59580,61895,8488,0,0,70383
2017,50,Vermont,2605,15991,161495,180091,95489,1182,20150,0,0,21332,62500,12026,74526,64344,9824,0,0,74168
2018,50,Vermont,1597,17973,190244,209814,89162,1326,23180,0,0,24506,58264,12045,70309,64623,7079,0,0,71702
2019,50,Vermont,6799,16735,171379,194913,87393,1359,28550,0,0,29909,68431,12810,81241,66133,7993,0,0,74126
2020,50,Vermont,7914,16582,191806,216302,97390,1143,20811,0,0,21954,69512,15359,84871,64392,8680,0,0,73072
2021,50,Vermont,3736,15518,206748,226002,90051,1232,16154,0,0,17386,67426,16666,84092,66432,9114,0,0,75546
2022,50,Vermont,1639,18370,208782,228791,102214,1714,18039,0,0,19753,77089,21317,98406,66883,11706,0,0,78589
2023,50,Vermont,1589,17919,258972,278480,118465,1441,21908,0,0,23349,78907,20368,99275,73142,12023,0,0,85165
2015,51,Virginia,148172,282953,1402387,1833512,1161506,35176,252209,0,13962,301347,298834,64737,363571,83491,95857,15290,20748,215386
2016,51,Virginia,183253,226708,1605020,2014981,1408147,34985,293209,0,10827,339021,334959,67258,402217,85382,102084,14063,19860,221389
2017,51,Virginia,129288,277927,1480545,1887760,1500489,34065,146982,0,10322,191369,382258,55775,438033,89765,102098,14479,7884,214226
2018,51,Virginia,115878,206925,2230230,2553033,1473141,30315,205741,0,9674,245730,423025,70699,493724,95618,113538,15986,27453,252595
2019,51,Virginia,100648,188348,1241013,1530009,1530674,27524,199759,0,11535,238818,402414,76039,478453,95068,116633,16614,33448,261763
2020,51,Virginia,111754,195258,1485616,1792628,1412936,26478,70684,0,9148,106310,453471,98990,552461,97178,109933,18651,33110,258872
2021,51,Virginia,104619,205367,1939337,2249323,1362099,29546,232844,0,11889,274279,390206,92168,482374,101171,116254,16800,29132,263357
2022,51,Virginia,121585,203579,1744720,2069884,1653407,30449,226712,0,9610,266771,402095,88437,490532,117315,128828,17397,30769,294309
2023,51,Virginia,80620,219411,2171713,2471744,1576085,37130,108099,0,30400,175629,464853,100700,565553,120985,137310,18036,20095,296426
2015,53,Washington,23489,224037,2116077,2363603,658463,80702,35462,0,0,116164,149604,33853,183457,2308,294100,1499,23518,321425
2016,53,Washington,24787,426304,1479023,1930114,408692,95397,37134,0,159714,292245,187988,33266,221254,200767,77779,21651,0,300197
2017,53,Washington,120382,319176,1655980,2095538,642610,82580,54680,0,166484,303744,236977,34861,271838,197986,16033,26860,0,240879
2018,53,Washington,55098,412131,1282480,1749709,874641,130677,77553,0,191699,399929,320145,42428,362573,224532,15473,30651,0,270656
2019,53,Washington,104916,370335,1331915,1807166,805758,147946,94957,0,0,242903,254354,44831,299185,229813,14042,31372,0,275227
2020,53,Washington,69182,415733,1317082,1801997,800309,139736,79133,0,0,218869,313791,27154,340945,235791,12740,32188,0,280719
2021,53,Washington,69086,328480,1400618,1798184,790292,140540,63724,0,0,204264,356654,40072,396726,222720,12719,30403,0,265842
2022,53,Washington,37331,442186,1268780,1748297,486754,105602,65614,0,0,171216,308866,37848,346714,189282,19580,0,0,208862
2023,53,Washington,38224,505217,1624065,2167506,537011,133142,81092,0,0,214234,178715,50793,229508,206541,17747,28195,0,252483
2015,54,West Virginia,23203,129640,501198,654041,222475,4135,61785,18116,7546,91582,115859,8017,123876,18769,18792,4011,4772,46344
2016,54,West Virginia,31238,147961,650847,830046,262268,8312,48264,21753,12618,90947,89863,7668,97531,17383,18217,3339,2805,41744
2017,54,West Virginia,55857,145682,615915,817454,245079,8418,33449,25503,8303,75673,62453,7575,70028,20266,21394,1724,2805,46189
2018,54,West Virginia,10432,170580,1696385,1877397,163385,9923,23971,23572,11271,68737,63756,1267,65023,17360,18692,5716,2704,44472
2019,54,West Virginia,10759,154103,746030,910892,270843,5730,18313,23269,16532,63844,64927,1267,66194,16724,17303,7215,3488,44730
2020,54,West Virginia,32877,138328,1222107,1393312,481502,8487,11398,30082,13427,63394,112367,1267,113634,25853,10964,939,3418,41174
2021,54,West Virginia,25563,118723,626154,770440,355434,7158,37836,25372,21904,92270,65548,1267,66815,28493,8945,1864,3508,42810
2022,54,West Virginia,30811,165513,992342,1188666,375711,8225,31411,28651,14538,82825,130923,3635,134558,26859,10673,1616,2909,42057
2023,54,West Virginia,29990,148978,1092940,1271908,456785,8374,32100,29309,17212,86995,135745,3909,139654,32435,12572,2552,4119,51678
2015,55,Wisconsin,66342,165254,1144880,1376476,68600,50744,88136,32275,0,171155,148361,50824,199185,54889,9767,6962,3869,75487
2016,55,Wisconsin,53154,133594,1366327,1553075,90089,60816,71306,34180,0,166302,156118,49346,205464,58501,9570,9125,2711,79907
2017,55,Wisconsin,66030,109377,1104140,1279547,96904,51020,80778,32964,0,164762,146341,42438,188779,53310,9669,8476,2274,73729
2018,55,Wisconsin,30061,112428,830613,973102,89977,59534,89578,35924,0,185036,144397,36468,180865,51691,9925,8308,2397,72321
2019,55,Wisconsin,20972,97546,1266099,1384617,168483,88630,63924,28596,0,181150,142126,38088,180214,52076,8108,7944,3012,71140
2020,55,Wisconsin,25109,101095,1419488,1545692,179713,57971,49438,6241,0,113650,130796,37251,168047,54782,10326,6654,3767,75529
2021,55,Wisconsin,38332,107766,1033733,1179831,180812,59157,35802,8423,0,103382,124995,40713,165708,69850,10279,7865,2979,90973
2022,55,Wisconsin,28998,104661,1133093,1266752,194823,59397,29361,9476,0,98234,134233,44047,178280,68495,14273,7528,3436,93732
2023,55,Wisconsin,16202,114233,1388141,1518576,212237,59332,32542,10580,0,102454,143520,70978,214498,71195,13649,8195,3890,96929
2015,56,Wyoming,5816,43001,358548,407365,56735,14482,21852,784,0,37118,78949,8131,87080,22465,17449,2334,187,42435
2016,56,Wyoming,5947,43598,263772,313317,65775,14149,26756,1763,0,42668,43189,7614,50803,22327,17342,2320,186,42175
2017,56,Wyoming,3520,48517,268571,320608,51272,16292,30208,2079,0,48579,36621,7334,43955,22103,17168,2296,184,41751
2018,56,Wyoming,5394,50588,290601,346583,53393,13013,27847,1886,0,42746,22314,7875,30189,20830,16816,2164,173,39983
2019,56,Wyoming,2271,49249,322714,374234,57971,14977,31698,1747,0,48422,34477,7675,42152,22022,17105,2288,183,41598
2020,56,Wyoming,5662,57209,367188,430059,53913,17418,39924,1768,0,59110,15468,9526,24994,23137,17971,2404,192,43704
2021,56,Wyoming,4405,55964,324545,384914,55934,15979,24694,855,0,41528,27415,10797,38212,22433,17424,2331,186,42374
2022,56,Wyoming,8094,55433,379789,443316,65805,15150,22080,978,0,38208,16305,9666,25971,22305,18572,2317,185,43379
2023,56,Wyoming,1537,54257,499509,555303,68750,15906,40066,437,0,56409,30659,10682,41341,27819,22148,2890,231,53088
